Location,Age,year,Female,Male
More developed regions,0-4,1950,0.04984413735548956,0.051887533442969
More developed regions,0-4,1955,0.04954362990641232,0.05178672651342503
More developed regions,0-4,1960,0.04772656586765901,0.049915697690280404
More developed regions,0-4,1965,0.044452651703247595,0.0465372264706856
More developed regions,0-4,1970,0.040228944730195657,0.04206740423202668
More developed regions,0-4,1975,0.037949703075311855,0.03976101044053208
More developed regions,0-4,1980,0.03514641879153487,0.03694399358892687
More developed regions,0-4,1985,0.03424497785177464,0.03589645143985891
More developed regions,0-4,1990,0.033034194376304005,0.03467713071033863
More developed regions,0-4,1995,0.029674727229195882,0.03120190169990081
More developed regions,0-4,2000,0.02693710076315194,0.02833061670653951
More developed regions,0-4,2005,0.026575114082370864,0.02794956062367786
More developed regions,0-4,2010,0.02748856465344097,0.028917173104583208
More developed regions,0-4,2015,0.02689836776302125,0.028318846046415023
More developed regions,0-4,2020,0.025829612049263886,0.027178070314598377
More developed regions,0-4,2025,0.024845064619485574,0.02613339659243606
More developed regions,0-4,2030,0.02413904112571617,0.025388644549645102
More developed regions,0-4,2035,0.02382137270048795,0.025056577992228532
More developed regions,0-4,2040,0.023949197964811434,0.02519283800054375
More developed regions,0-4,2045,0.024185286103542234,0.025444141689373298
More developed regions,0-4,2050,0.024218109085795095,0.025479135251697385
More developed regions,0-4,2055,0.024029476199334838,0.025279106294697627
More developed regions,0-4,2060,0.023805803483352667,0.025040839035015035
More developed regions,0-4,2065,0.023698062546317823,0.02492553443030864
More developed regions,0-4,2070,0.023759540691402636,0.024989774627202442
More developed regions,0-4,2075,0.023913709902694726,0.025151936940866856
More developed regions,0-4,2080,0.02402757657596199,0.02527157229019611
More developed regions,0-4,2085,0.024013260226314507,0.025254396830921663
More developed regions,0-4,2090,0.023876068998187942,0.025109041233390465
More developed regions,0-4,2095,0.023711152853990697,0.024933418677508378
More developed regions,0-4,2100,0.023608511472743243,0.02482365544560503
More developed regions,5-9,1950,0.040746422522765766,0.041988414619179695
More developed regions,5-9,1955,0.04637969529053827,0.04819245051652534
More developed regions,5-9,1960,0.04655670080591917,0.048572317194942954
More developed regions,5-9,1965,0.045298895951269576,0.04729243221769788
More developed regions,5-9,1970,0.04289342190464008,0.04490243967740688
More developed regions,5-9,1975,0.03879955818979907,0.040506898992192016
More developed regions,5-9,1980,0.03670487090144637,0.038574459481168395
More developed regions,5-9,1985,0.03431494794404546,0.036035494571935535
More developed regions,5-9,1990,0.03353440825483846,0.03510576075285244
More developed regions,5-9,1995,0.032749598111981394,0.034379382289564595
More developed regions,5-9,2000,0.029666910980754163,0.031198432126264664
More developed regions,5-9,2005,0.026761185365038777,0.02812488112112496
More developed regions,5-9,2010,0.02630777603566014,0.02765863708810076
More developed regions,5-9,2015,0.027236576878115006,0.028652280444589808
More developed regions,5-9,2020,0.026829371729969072,0.028251653569526886
More developed regions,5-9,2025,0.02579863316639381,0.027133004864604193
More developed regions,5-9,2030,0.024898756461857158,0.026178686291220582
More developed regions,5-9,2035,0.024251481896983413,0.02549600363341343
More developed regions,5-9,2040,0.023988037441255293,0.02522080242358333
More developed regions,5-9,2045,0.024155702608018685,0.025400544959128066
More developed regions,5-9,2050,0.024425936198638965,0.02568774366947676
More developed regions,5-9,2055,0.024487098275714554,0.025752427241622102
More developed regions,5-9,2060,0.024315600905955793,0.025571154620137787
More developed regions,5-9,2065,0.02409478907637303,0.02533495620932561
More developed regions,5-9,2070,0.023973217097620618,0.02520584293349003
More developed regions,5-9,2075,0.024013760568351812,0.02524798557989766
More developed regions,5-9,2080,0.02414154263494344,0.025381525459776802
More developed regions,5-9,2085,0.024228690673228186,0.025473846502591196
More developed regions,5-9,2090,0.024190545282574232,0.02543156038950019
More developed regions,5-9,2095,0.024035214121673348,0.0252671294122188
More developed regions,5-9,2100,0.023862470133738167,0.02508323977314098
More developed regions,10-14,1950,0.04434844505534965,0.045295893571586365
More developed regions,10-14,1955,0.03841375241488611,0.03952662448087179
More developed regions,10-14,1960,0.04394523896567341,0.045749144699867406
More developed regions,10-14,1965,0.04408849769920879,0.04605513622670242
More developed regions,10-14,1970,0.04351714953498081,0.045591614086129946
More developed regions,10-14,1975,0.041359615571711174,0.043312088545173946
More developed regions,10-14,1980,0.037810928737746115,0.039869784309489384
More developed regions,10-14,1985,0.03595206869268956,0.037799099718146115
More developed regions,10-14,1990,0.033842567939171196,0.03537289067751482
More developed regions,10-14,1995,0.03350377945753668,0.035073707972774225
More developed regions,10-14,2000,0.032935278084689754,0.03457451060746692
More developed regions,10-14,2005,0.02971268939989117,0.031268245322994936
More developed regions,10-14,2010,0.026891691394658752,0.028278186671504283
More developed regions,10-14,2015,0.02611531418831006,0.027478495868676185
More developed regions,10-14,2020,0.027097963882994347,0.028525743222760278
More developed regions,10-14,2025,0.026788097092318233,0.028192698879908107
More developed regions,10-14,2030,0.025844318231301826,0.027166238468189934
More developed regions,10-14,2035,0.025004561176045867,0.026274703135371825
More developed regions,10-14,2040,0.024411387734493337,0.025649590243523517
More developed regions,10-14,2045,0.02418840015570261,0.02541767224601012
More developed regions,10-14,2050,0.02439077747654132,0.025633833628927034
More developed regions,10-14,2055,0.024688828762214704,0.02595023301048606
More developed regions,10-14,2060,0.024768578801581478,0.026035969917217107
More developed regions,10-14,2065,0.024600218675663366,0.025856254869818157
More developed regions,10-14,2070,0.02436469140901252,0.025606087545137147
More developed regions,10-14,2075,0.0242210655475933,0.02545288934316338
More developed regions,10-14,2080,0.024233839091160808,0.025466598715072813
More developed regions,10-14,2085,0.024334798206782682,0.025572719431585157
More developed regions,10-14,2090,0.024398051373038847,0.02563826219279246
More developed regions,10-14,2095,0.02434158469980508,0.025577520601612103
More developed regions,10-14,2100,0.024178311126684386,0.025403902765979505
More developed regions,15-19,1950,0.04178223411305564,0.04183255197466925
More developed regions,15-19,1955,0.04170493851439677,0.0421780826671911
More developed regions,15-19,1960,0.036109762152900925,0.037008986789909916
More developed regions,15-19,1965,0.041596318734068265,0.04321121759856987
More developed regions,15-19,1970,0.04221218043875124,0.043884048141063586
More developed regions,15-19,1975,0.04191092450119895,0.04372032422306455
More developed regions,15-19,1980,0.04040342490162733,0.04251305942244946
More developed regions,15-19,1985,0.03705095796232739,0.03902088517549037
More developed regions,15-19,1990,0.03549510698291591,0.03716161360442074
More developed regions,15-19,1995,0.033720970003762354,0.03522591237131033
More developed regions,15-19,2000,0.03358070485315489,0.03514504430892633
More developed regions,15-19,2005,0.03297183128875451,0.034664666469293275
More developed regions,15-19,2010,0.029847712282793204,0.03145368198722351
More developed regions,15-19,2015,0.0270097778244639,0.028390466800199583
More developed regions,15-19,2020,0.026297684924126645,0.027624938545801246
More developed regions,15-19,2025,0.027342914798416232,0.028702257195072658
More developed regions,15-19,2030,0.02713046886178002,0.02847105150201243
More developed regions,15-19,2035,0.02626538669068239,0.027525435834928128
More developed regions,15-19,2040,0.02548491086340156,0.02669825610750767
More developed regions,15-19,2045,0.024935772674192294,0.026119891008174387
More developed regions,15-19,2050,0.024747833832066315,0.02592604167480526
More developed regions,15-19,2055,0.024980042810819975,0.026173941915748872
More developed regions,15-19,2060,0.025300472706898048,0.026514200935943876
More developed regions,15-19,2065,0.02538573720517268,0.02660527455856239
More developed regions,15-19,2070,0.025205045633466826,0.026413752468640198
More developed regions,15-19,2075,0.024947833582926394,0.02614043751755889
More developed regions,15-19,2080,0.024777184316023066,0.025958578955605403
More developed regions,15-19,2085,0.024764051410707696,0.02594489964397707
More developed regions,15-19,2090,0.024840409317827748,0.02602592860986201
More developed regions,15-19,2095,0.02488597546462184,0.026073664031290005
More developed regions,15-19,2100,0.024821244445658874,0.026003438085923217
More developed regions,20-24,1950,0.044580398124739205,0.0428119093787585
More developed regions,20-24,1955,0.03900720706130051,0.03868907835220897
More developed regions,20-24,1960,0.03911845429396134,0.03924613546208033
More developed regions,20-24,1965,0.03430599695434833,0.034872918528817826
More developed regions,20-24,1970,0.0398610545062586,0.040570061272067214
More developed regions,20-24,1975,0.04083978275757477,0.04207021272131047
More developed regions,20-24,1980,0.040868744725913696,0.04238842018380133
More developed regions,20-24,1985,0.03956808717914676,0.04121597255737099
More developed regions,20-24,1990,0.036375937355413744,0.03794641687981772
More developed regions,20-24,1995,0.03514981017204227,0.0364281561035674
More developed regions,20-24,2000,0.03366653735691427,0.03479834831334923
More developed regions,20-24,2005,0.03387241629686722,0.03520882159816211
More developed regions,20-24,2010,0.03319247016443575,0.03458382465370013
More developed regions,20-24,2015,0.030258972687823436,0.03172481078194743
More developed regions,20-24,2020,0.027453730682176946,0.028718155730044468
More developed regions,20-24,2025,0.026831015480272367,0.028022585996744447
More developed regions,20-24,2030,0.027991272216035982,0.029217547635784536
More developed regions,20-24,2035,0.027874026140391056,0.029085163950017274
More developed regions,20-24,2040,0.02707499902901309,0.02821454926787587
More developed regions,20-24,2045,0.026340988711560917,0.027439470611132735
More developed regions,20-24,2050,0.025826815947996344,0.026902672844184357
More developed regions,20-24,2055,0.02567000817126212,0.02674381091652361
More developed regions,20-24,2060,0.025927065823843683,0.027017685077771726
More developed regions,20-24,2065,0.026256948665173918,0.02736936985544872
More developed regions,20-24,2070,0.026333225166296853,0.02745103979882526
More developed regions,20-24,2075,0.026131633058981068,0.027239394029136353
More developed regions,20-24,2080,0.02584782320814456,0.026939329125149982
More developed regions,20-24,2085,0.02565069239184869,0.02673186385117293
More developed regions,20-24,2090,0.025613329290449814,0.02669348696290708
More developed regions,20-24,2095,0.02567240702738519,0.02675716794575713
More developed regions,20-24,2100,0.02570929609249239,0.026796657068207993
More developed regions,25-29,1950,0.04206695957389362,0.036579858128175546
More developed regions,25-29,1955,0.04146200386381778,0.03986441932834353
More developed regions,25-29,1960,0.03642951071921602,0.03652445312627886
More developed regions,25-29,1965,0.03693990631310624,0.037234746912967194
More developed regions,25-29,1970,0.03275214610894112,0.03342347139628719
More developed regions,25-29,1975,0.03853630340686027,0.039444341643663665
More developed regions,25-29,1980,0.039660205737836594,0.04054375945180893
More developed regions,25-29,1985,0.03992870227008097,0.04110384099924468
More developed regions,25-29,1990,0.03863693900533387,0.03986433990100479
More developed regions,25-29,1995,0.03608355850463454,0.03716609091220029
More developed regions,25-29,2000,0.0352519141910581,0.03607237194758159
More developed regions,25-29,2005,0.0340022527029955,0.0345968538240543
More developed regions,25-29,2010,0.033964275070296604,0.03474579840099517
More developed regions,25-29,2015,0.03346439931275908,0.03458327464410454
More developed regions,25-29,2020,0.030706680091038604,0.03203943121292133
More developed regions,25-29,2025,0.027963280587935097,0.029067453659846025
More developed regions,25-29,2030,0.027464836921698776,0.028504488308004304
More developed regions,25-29,2035,0.02871405890322155,0.029790108264850994
More developed regions,25-29,2040,0.028665087194624617,0.02973239600730182
More developed regions,25-29,2045,0.027914363565589722,0.028917866874270143
More developed regions,25-29,2050,0.027215976123321172,0.028187138158151746
More developed regions,25-29,2055,0.026734391594196754,0.027688882923318083
More developed regions,25-29,2060,0.026601797706700757,0.027558259744154295
More developed regions,25-29,2065,0.026868700974519048,0.027845441691514972
More developed regions,25-29,2070,0.02719032269123839,0.028190136920332984
More developed regions,25-29,2075,0.027246597677063666,0.028254307981561862
More developed regions,25-29,2080,0.027017981757404785,0.028016388640312685
More developed regions,25-29,2085,0.026706944657686648,0.027691654722870433
More developed regions,25-29,2090,0.026485176585270123,0.027461581212495083
More developed regions,25-29,2095,0.02643069431131754,0.027406898725627054
More developed regions,25-29,2100,0.026481619741910493,0.027463700386644023
More developed regions,30-34,1950,0.03329569720919958,0.028767089663974867
More developed regions,30-34,1955,0.03919577062341659,0.0340305172194394
More developed regions,30-34,1960,0.03884563128516007,0.03716504155094424
More developed regions,30-34,1965,0.034283237329095904,0.03451393716688185
More developed regions,30-34,1970,0.0352668889873896,0.03551380183310476
More developed regions,30-34,1975,0.03172506280915745,0.03223440358484339
More developed regions,30-34,1980,0.037449013318856715,0.03795495630240618
More developed regions,30-34,1985,0.03875087238352222,0.03934292701042913
More developed regions,30-34,1990,0.03916421506577856,0.039887037214864994
More developed regions,30-34,1995,0.03842305982145911,0.03926702466053289
More developed regions,30-34,2000,0.03602693121029721,0.036811204676020164
More developed regions,30-34,2005,0.03536098655821054,0.035848079827061216
More developed regions,30-34,2010,0.03407927643087608,0.034323046920555114
More developed regions,30-34,2015,0.03402383697843181,0.0345840704302577
More developed regions,30-34,2020,0.03369260806122016,0.034679802027163933
More developed regions,30-34,2025,0.031023751816228146,0.03219191230290706
More developed regions,30-34,2030,0.028411176291282793,0.029379288464768494
More developed regions,30-34,2035,0.02800290362526154,0.028912809723262774
More developed regions,30-34,2040,0.029314483240765913,0.030262166465996037
More developed regions,30-34,2045,0.02931490852471779,0.03025924484235111
More developed regions,30-34,2050,0.028603573688774992,0.029494261315248727
More developed regions,30-34,2055,0.02794006485203422,0.028806642506104898
More developed regions,30-34,2060,0.027482500374851046,0.02833952824009407
More developed regions,30-34,2065,0.027357468059547065,0.02822233189506742
More developed regions,30-34,2070,0.027615283603604754,0.028503475829451147
More developed regions,30-34,2075,0.027917337339628787,0.028831400221071952
More developed regions,30-34,2080,0.027946564364739544,0.028870331504793397
More developed regions,30-34,2085,0.027690047032968092,0.028608841812155904
More developed regions,30-34,2090,0.027354611018573404,0.02826265123614917
More developed regions,30-34,2095,0.02711580647028929,0.028018031637385896
More developed regions,30-34,2100,0.027053830395797788,0.02795875904225438
More developed regions,35-39,1950,0.03883679831128348,0.033134925505019515
More developed regions,35-39,1955,0.03095103131543329,0.0266904202769455
More developed regions,35-39,1960,0.0366193955333417,0.031581991498835046
More developed regions,35-39,1965,0.03654678551329162,0.03496499155824809
More developed regions,35-39,1970,0.03254489797739706,0.03265595917707618
More developed regions,35-39,1975,0.0338997762334345,0.03383682400273175
More developed regions,35-39,1980,0.030616013280080064,0.03045813691112576
More developed regions,35-39,1985,0.03629384568185855,0.0364777414371857
More developed regions,35-39,1990,0.03770896805789561,0.03798570069226807
More developed regions,35-39,1995,0.03856414816841673,0.03887796285528611
More developed regions,35-39,2000,0.038069239902689504,0.03851691531445411
More developed regions,35-39,2005,0.03590183375316528,0.036302920740249454
More developed regions,35-39,2010,0.03507298537053114,0.03523495911782618
More developed regions,35-39,2015,0.033892532263160115,0.033937096287737174
More developed regions,35-39,2020,0.033963556285763204,0.034370371301164056
More developed regions,35-39,2025,0.03377521065125142,0.034567249992586827
More developed regions,35-39,2030,0.031233087196969225,0.03224707777867634
More developed regions,35-39,2035,0.02872415171830177,0.029574277296212478
More developed regions,35-39,2040,0.02838311259564221,0.02918475938944343
More developed regions,35-39,2045,0.02974309069676917,0.030581549240949787
More developed regions,35-39,2050,0.029785688056191452,0.03062480955692197
More developed regions,35-39,2055,0.029111200594673217,0.02990713333129248
More developed regions,35-39,2060,0.028472896296471664,0.02925811059289598
More developed regions,35-39,2065,0.028023968630039815,0.028807900253428907
More developed regions,35-39,2070,0.027888757511562844,0.028686854834787476
More developed regions,35-39,2075,0.028127043534846047,0.02895146101986046
More developed regions,35-39,2080,0.028401626022785186,0.029253963731505597
More developed regions,35-39,2085,0.028403861349607443,0.029269602362018005
More developed regions,35-39,2090,0.028123509555333753,0.028987313978430625
More developed regions,35-39,2095,0.027771166105925418,0.028629164549144735
More developed regions,35-39,2100,0.027526386385244038,0.02838148769948011
More developed regions,40-44,1950,0.036426450013499916,0.032156795365847674
More developed regions,40-44,1955,0.036029522344203695,0.03059935448792846
More developed regions,40-44,1960,0.028654054968379812,0.024651195783247575
More developed regions,40-44,1965,0.03436393054589996,0.029546131691329823
More developed regions,40-44,1970,0.03467489312838576,0.03311706147931535
More developed regions,40-44,1975,0.031134647190899777,0.030992527760979917
More developed regions,40-44,1980,0.03269148741697642,0.03213291897710885
More developed regions,40-44,1985,0.029643995758735945,0.02923314572976115
More developed regions,40-44,1990,0.03528821223734407,0.035170360799993014
More developed regions,40-44,1995,0.0369027259978794,0.036694941341450904
More developed regions,40-44,2000,0.03791019732219418,0.03772001942170771
More developed regions,40-44,2005,0.037595495917182566,0.03758143719804766
More developed regions,40-44,2010,0.03513615513197621,0.035101330776307775
More developed regions,40-44,2015,0.03460157772562726,0.03449971709802255
More developed regions,40-44,2020,0.03360936020092578,0.03346014233813396
More developed regions,40-44,2025,0.0338290537197757,0.034016333958121016
More developed regions,40-44,2030,0.03375639964914682,0.034336489353098895
More developed regions,40-44,2035,0.03132654526821656,0.03218132906847199
More developed regions,40-44,2040,0.028908999106692042,0.029641511632423196
More developed regions,40-44,2045,0.028622031919034643,0.029315687037757884
More developed regions,40-44,2050,0.030024767366455454,0.030752162261409005
More developed regions,40-44,2055,0.03010572404368368,0.03083729141106943
More developed regions,40-44,2060,0.02945934641760774,0.030160120583662808
More developed regions,40-44,2065,0.02883091039217211,0.029533909803429938
More developed regions,40-44,2070,0.028371921325622912,0.02908630214641139
More developed regions,40-44,2075,0.02821828974192531,0.028952261425185713
More developed regions,40-44,2080,0.02842891367071032,0.029192967812614115
More developed regions,40-44,2085,0.02867716863300539,0.029471367444761785
More developed regions,40-44,2090,0.028655143376252776,0.029466669133147327
More developed regions,40-44,2095,0.02835897947236714,0.029173555313961493
More developed regions,40-44,2100,0.02800296070793388,0.028815467689787887
More developed regions,45-49,1950,0.032823200215998626,0.028751135220048598
More developed regions,45-49,1955,0.033404671286281135,0.029156785396157004
More developed regions,45-49,1960,0.03337171043657138,0.02806912243750989
More developed regions,45-49,1965,0.026733248915814214,0.022795833747144702
More developed regions,45-49,1970,0.03262224417003073,0.027720677116335614
More developed regions,45-49,1975,0.0329392778043788,0.03106120292174656
More developed regions,45-49,1980,0.029860791819234327,0.02893384518514005
More developed regions,45-49,1985,0.031405806800016506,0.030394828671949706
More developed regions,45-49,1990,0.028520920812563837,0.027874047367548078
More developed regions,45-49,1995,0.03418356876560523,0.033531997126928205
More developed regions,45-49,2000,0.03610519025784253,0.0353133433359055
More developed regions,45-49,2005,0.037129077235294995,0.036337654046347465
More developed regions,45-49,2010,0.03691867622095811,0.03634852863047957
More developed regions,45-49,2015,0.03449016766418461,0.03412649339218968
More developed regions,45-49,2020,0.034133978792214914,0.03375779270654501
More developed regions,45-49,2025,0.033305449386735256,0.03289811486833419
More developed regions,45-49,2030,0.03363353882713016,0.033561222014170985
More developed regions,45-49,2035,0.03364789273666681,0.03398250837509559
More developed regions,45-49,2040,0.03132714491008661,0.03199285353633433
More developed regions,45-49,2045,0.028987933047878552,0.029578045932269367
More developed regions,45-49,2050,0.028750459016649608,0.029312217265276466
More developed regions,45-49,2055,0.03019128288815261,0.03078548513827173
More developed regions,45-49,2060,0.030302169401106402,0.030904298555047862
More developed regions,45-49,2065,0.0296680033705886,0.030252778275889975
More developed regions,45-49,2070,0.029032883044856895,0.02963643916242038
More developed regions,45-49,2075,0.028557661599834156,0.02918437896951016
More developed regions,45-49,2080,0.02837995642002111,0.02903405739234421
More developed regions,45-49,2085,0.02856623802974387,0.029252721618043424
More developed regions,45-49,2090,0.028791872195551165,0.02951170921479856
More developed regions,45-49,2095,0.028755411742758075,0.02949600833713951
More developed regions,45-49,2100,0.028457032364459612,0.02920685334771361
More developed regions,50-54,1950,0.028472546083797647,0.024128028276183697
More developed regions,50-54,1955,0.03039343845077103,0.026256608400911582
More developed regions,50-54,1960,0.031010154472387582,0.026610064986440696
More developed regions,50-54,1965,0.031013092991690666,0.02560871652266031
More developed regions,50-54,1970,0.02503636758480564,0.020959826585869645
More developed regions,50-54,1975,0.03088474591144338,0.025662572228146514
More developed regions,50-54,1980,0.03143124622620083,0.0287325758960638
More developed regions,50-54,1985,0.02854151827923808,0.0270263966658354
More developed regions,50-54,1990,0.030073940864767657,0.028559331651404177
More developed regions,50-54,1995,0.02760030098847351,0.026394636932653828
More developed regions,50-54,2000,0.033336671264035084,0.032042451746565226
More developed regions,50-54,2005,0.03517656924249967,0.033578010178512654
More developed regions,50-54,2010,0.03611285682816529,0.03458868386611898
More developed regions,50-54,2015,0.035966350978299706,0.03485225036387322
More developed regions,50-54,2020,0.03378370949324043,0.03301720089279404
More developed regions,50-54,2025,0.03363240946951312,0.032880947513152535
More developed regions,50-54,2030,0.032930588301161426,0.032169317764741745
More developed regions,50-54,2035,0.03334355554347868,0.03292431553245422
More developed regions,50-54,2040,0.03344622674486348,0.033447780323921233
More developed regions,50-54,2045,0.031224601012066953,0.03163098481899572
More developed regions,50-54,2050,0.028963755264042004,0.029352845121922634
More developed regions,50-54,2055,0.02877210499090643,0.0291480929404534
More developed regions,50-54,2060,0.030243771553935147,0.030647821523552485
More developed regions,50-54,2065,0.03037100278184643,0.030787565638404398
More developed regions,50-54,2070,0.029734507065274154,0.030151494977408502
More developed regions,50-54,2075,0.029087529925154097,0.02954456136587568
More developed regions,50-54,2080,0.028593442136141286,0.02908943526607463
More developed regions,50-54,2085,0.028396626745046907,0.028929575947672908
More developed regions,50-54,2090,0.028563454638605622,0.029135302818141823
More developed regions,50-54,2095,0.02877712304357056,0.029385039466320144
More developed regions,50-54,2100,0.028740726691457105,0.02937562334394441
More developed regions,55-59,1950,0.024340345106894774,0.019843646449522592
More developed regions,55-59,1955,0.02567125157618315,0.02106474786853765
More developed regions,55-59,1960,0.02766752696855442,0.023065548456094594
More developed regions,55-59,1965,0.028669886119111466,0.023784842917204622
More developed regions,55-59,1970,0.028927476044991685,0.023099737915401115
More developed regions,55-59,1975,0.023439213898326424,0.018964836410044122
More developed regions,55-59,1980,0.02918035390157747,0.023320463177875887
More developed regions,55-59,1985,0.029748053844677158,0.026235196391696164
More developed regions,55-59,1990,0.027097973828251173,0.024885858700491485
More developed regions,55-59,1995,0.028777747374901665,0.026400622498888394
More developed regions,55-59,2000,0.026657724378366505,0.02475846985890651
More developed regions,55-59,2005,0.03224325884417481,0.03011956527132501
More developed regions,55-59,2010,0.03401610666943102,0.031508753061303824
More developed regions,55-59,2015,0.0349087511807477,0.03261768284579495
More developed regions,55-59,2020,0.03497902310992016,0.03319940375683457
More developed regions,55-59,2025,0.03305496206794839,0.03174400039953117
More developed regions,55-59,2030,0.03303556431997313,0.03175874489116708
More developed regions,55-59,2035,0.03244141314938531,0.03119145682021979
More developed regions,55-59,2040,0.032942867130151085,0.03203946090806696
More developed regions,55-59,2045,0.03312261580381472,0.032658622031919035
More developed regions,55-59,2050,0.031005305060512068,0.031040463782609714
More developed regions,55-59,2055,0.02882862092486756,0.028922814148136113
More developed regions,55-59,2060,0.028679656241861785,0.028779879574169213
More developed regions,55-59,2065,0.030165498439277832,0.030287690210534835
More developed regions,55-59,2070,0.03029421168156156,0.030436928385714615
More developed regions,55-59,2075,0.02965181567946008,0.029819900797763987
More developed regions,55-59,2080,0.02899473107621681,0.029230688972981214
More developed regions,55-59,2085,0.02849067660433385,0.028786491546364572
More developed regions,55-59,2090,0.028282758415457757,0.02863021047391013
More developed regions,55-59,2095,0.02844341230886014,0.028836628090241817
More developed regions,55-59,2100,0.028660360026585292,0.02909594735019051
More developed regions,60-64,1950,0.021302864436317223,0.016959573893620676
More developed regions,60-64,1955,0.021617713406522215,0.016887428710248373
More developed regions,60-64,1960,0.02299570576584147,0.017872089660553613
More developed regions,60-64,1965,0.024862821531433113,0.01967259244545966
More developed regions,60-64,1970,0.026190610767184985,0.02057111238699275
More developed regions,60-64,1975,0.026498120017474012,0.020200035482166395
More developed regions,60-64,1980,0.02182848532857673,0.016794906594431305
More developed regions,60-64,1985,0.0271295576993116,0.02071473552202174
More developed regions,60-64,1990,0.02785746086895793,0.02344807116480869
More developed regions,60-64,1995,0.02561138283681636,0.02243304716626193
More developed regions,60-64,2000,0.027430216912200923,0.024030576567221577
More developed regions,60-64,2005,0.025494246675939906,0.022767682147246063
More developed regions,60-64,2010,0.030499656615655735,0.02758979824550037
More developed regions,60-64,2015,0.0325436747335509,0.029089167042675623
More developed regions,60-64,2020,0.03353867805539281,0.030339918291439765
More developed regions,60-64,2025,0.03388367712262642,0.03126643579175062
More developed regions,60-64,2030,0.03219109056864343,0.030155333403835746
More developed regions,60-64,2035,0.03229235003435439,0.030320369241757857
More developed regions,60-64,2040,0.03181186157610595,0.029904843282712548
More developed regions,60-64,2045,0.032392370572207084,0.03083923705722071
More developed regions,60-64,2050,0.03264604542506895,0.03155612504004188
More developed regions,60-64,2055,0.030647335077477852,0.03017322918702614
More developed regions,60-64,2060,0.028564438867713093,0.028245618188561913
More developed regions,60-64,2065,0.02845005292331911,0.02816044255637881
More developed regions,60-64,2070,0.02993144017100491,0.029656371663000416
More developed regions,60-64,2075,0.03005762117936523,0.02981429796048719
More developed regions,60-64,2080,0.029414479307535806,0.029229083817220912
More developed regions,60-64,2085,0.028759160818024775,0.02867716863300539
More developed regions,60-64,2090,0.028256216938770423,0.028264259810493856
More developed regions,60-64,2095,0.028054217138740036,0.02813221699721452
More developed regions,60-64,2100,0.028225576369628795,0.028358985033316002
More developed regions,65-69,1950,0.017488525073022263,0.013485186912446922
More developed regions,65-69,1955,0.01813217958654836,0.01355922399731615
More developed regions,65-69,1960,0.018587977235648145,0.013491643431240418
More developed regions,65-69,1965,0.019988123613731916,0.014416153540570067
More developed regions,65-69,1970,0.022051597843429492,0.01616039617116514
More developed regions,65-69,1975,0.023489766447224093,0.01699710228974432
More developed regions,65-69,1980,0.024050756790992,0.017144819716265698
More developed regions,65-69,1985,0.01988585904435207,0.014329516076077225
More developed regions,65-69,1990,0.02484482894082112,0.01779556704000838
More developed regions,65-69,1995,0.025660977528474193,0.020172213291377365
More developed regions,65-69,2000,0.023902669306717403,0.01965564336089791
More developed regions,65-69,2005,0.02568941477687159,0.021206337339792627
More developed regions,65-69,2010,0.024172152177575058,0.02059253236235471
More developed regions,65-69,2015,0.0287732399398704,0.024905719235504158
More developed regions,65-69,2020,0.03085354188231266,0.026375435284212906
More developed regions,65-69,2025,0.03202336008839627,0.027836866427052007
More developed regions,65-69,2030,0.03255422983371799,0.02897960199314468
More developed regions,65-69,2035,0.03111149066996883,0.02824202570562364
More developed regions,65-69,2040,0.0313411271216064,0.02855555987105294
More developed regions,65-69,2045,0.030972362787076685,0.028295056442195408
More developed regions,65-69,2050,0.031628786399043686,0.029310654655405458
More developed regions,65-69,2055,0.031957405824437964,0.030126132575391863
More developed regions,65-69,2060,0.030098566096103917,0.029007157682078965
More developed regions,65-69,2065,0.028123150262553617,0.02729240490861801
More developed regions,65-69,2070,0.02803705531587831,0.02726207969332652
More developed regions,65-69,2075,0.029504541099612844,0.02873375077139063
More developed regions,65-69,2080,0.029630372757296436,0.02890484235363989
More developed regions,65-69,2085,0.029001921993278248,0.028371707551560627
More developed regions,65-69,2090,0.028365599994209133,0.02788141911645837
More developed regions,65-69,2095,0.027886155588006355,0.02752510469671725
More developed regions,65-69,2100,0.027710426047800486,0.02744119772047992
More developed regions,70-74,1950,0.0127537370216735,0.009553030117081073
More developed regions,70-74,1955,0.01368763231262219,0.009743993151556517
More developed regions,70-74,1960,0.014430154581516787,0.009891471007098855
More developed regions,70-74,1965,0.015173428344423479,0.010017338696328665
More developed regions,70-74,1970,0.016584808612796036,0.010752112393934076
More developed regions,70-74,1975,0.018438326844166523,0.012144057595568162
More developed regions,70-74,1980,0.020135238190201323,0.013126819963697668
More developed regions,70-74,1985,0.020766764564992348,0.01341990487655661
More developed regions,70-74,1990,0.017352096446124433,0.011481348918822184
More developed regions,70-74,1995,0.02186441837397818,0.014430345110647468
More developed regions,70-74,2000,0.02289539963024704,0.01652780594448993
More developed regions,70-74,2005,0.021567729119907644,0.01646772200784973
More developed regions,70-74,2010,0.023296684073445376,0.01803415702382958
More developed regions,70-74,2015,0.022301906942358823,0.01793701989226647
More developed regions,70-74,2020,0.026567847791497096,0.021830573326443132
More developed regions,70-74,2025,0.028794336645592437,0.02340612812153239
More developed regions,70-74,2030,0.03008768219171265,0.024973406075234367
More developed regions,70-74,2035,0.030816469921470135,0.02632827269233606
More developed regions,70-74,2040,0.029671806424049405,0.02596496679224764
More developed regions,70-74,2045,0.0300358115998443,0.026421954067730635
More developed regions,70-74,2050,0.029785688056191452,0.02632372588697643
More developed regions,70-74,2055,0.030517819395483592,0.027411012914675854
More developed regions,70-74,2060,0.030923238397373674,0.028315853437186803
More developed regions,70-74,2065,0.029239538718128975,0.027476486018563628
More developed regions,70-74,2070,0.027403201797433174,0.025999953756598655
More developed regions,70-74,2075,0.027353851990648066,0.026032382798649237
More developed regions,70-74,2080,0.02880211238498056,0.027473043415450427
More developed regions,70-74,2085,0.028942437466891634,0.027672362444042344
More developed regions,70-74,2090,0.028352731399451638,0.027217882199275015
More developed regions,70-74,2095,0.027767145494663845,0.026819889481437643
More developed regions,70-74,2100,0.02734234672268759,0.02654993140705153
More developed regions,75-79,1950,0.008091357600451633,0.005710463660685796
More developed regions,75-79,1955,0.008877526231158105,0.006093032402855061
More developed regions,75-79,1960,0.009711407821290017,0.006303302795344548
More developed regions,75-79,1965,0.010610123481312279,0.006511321879034661
More developed regions,75-79,1970,0.011236021906821637,0.006581367698841691
More developed regions,75-79,1975,0.012610476395774952,0.007123140286184656
More developed regions,75-79,1980,0.014515393407599855,0.008454233394822024
More developed regions,75-79,1985,0.016017768815226926,0.009101494309996214
More developed regions,75-79,1990,0.016840533910659882,0.009629771891995705
More developed regions,75-79,1995,0.01434398194069159,0.00850634470020864
More developed regions,75-79,2000,0.018283164795882732,0.01088221508447349
More developed regions,75-79,2005,0.019280292818310077,0.012619767882277248
More developed regions,75-79,2010,0.018543564459072473,0.01300568203905511
More developed regions,75-79,2015,0.020337110930202393,0.014526280439815091
More developed regions,75-79,2020,0.019799639678129217,0.014856601633857061
More developed regions,75-79,2025,0.023859502365193342,0.0184010637517538
More developed regions,75-79,2030,0.025988174257080828,0.019899565166002078
More developed regions,75-79,2035,0.027398887461230002,0.021550489307438792
More developed regions,75-79,2040,0.028340389171553966,0.023058220375189342
More developed regions,75-79,2045,0.027561697158427403,0.023070455430128454
More developed regions,75-79,2050,0.02807853677211679,0.023667289106265286
More developed regions,75-79,2055,0.027964398101378598,0.023738262150729567
More developed regions,75-79,2060,0.02877435545349085,0.024878272055051807
More developed regions,75-79,2065,0.029256994685451402,0.025851494151457495
More developed regions,75-79,2070,0.027820987009590722,0.025327829837039847
More developed regions,75-79,2075,0.026198066700977376,0.02414582744701917
More developed regions,75-79,2080,0.026211390987852985,0.024264337050606547
More developed regions,75-79,2085,0.027644227870751378,0.02566837698077444
More developed regions,75-79,2090,0.027822706152877297,0.02591976270311267
More developed regions,75-79,2095,0.02731764115562017,0.025585561824135246
More developed regions,75-79,2100,0.026832822067400307,0.025324339767756412
More developed regions,80-84,1950,0.00389165705309148,0.002539211114111092
More developed regions,80-84,1955,0.004758048656340016,0.002990409865460477
More developed regions,80-84,1960,0.005219649804385902,0.003175659822446786
More developed regions,80-84,1965,0.006001299367696229,0.0033580792531532427
More developed regions,80-84,1970,0.00679754039107425,0.0035420589754802654
More developed regions,80-84,1975,0.007429317044602609,0.0036769825660473822
More developed regions,80-84,1980,0.008351752243044668,0.003932137165943759
More developed regions,80-84,1985,0.009907944476040625,0.004831524576546384
More developed regions,80-84,1990,0.011360878560641111,0.00545172019449852
More developed regions,80-84,1995,0.012139583404590074,0.005946232513595786
More developed regions,80-84,2000,0.010698769145066189,0.0055244155605914365
More developed regions,80-84,2005,0.013756043181769314,0.007253472090134583
More developed regions,80-84,2010,0.01505060059865497,0.00878464618454641
More developed regions,80-84,2015,0.014815946599565978,0.009362424091948315
More developed regions,80-84,2020,0.016342497404394543,0.010631380045330817
More developed regions,80-84,2025,0.01639248319550028,0.011297680378181229
More developed regions,80-84,2030,0.02002553638857612,0.014273628157834166
More developed regions,80-84,2035,0.02195653102181989,0.015660167152545135
More developed regions,80-84,2040,0.023420204295646094,0.01726259370023692
More developed regions,80-84,2045,0.024560529388867262,0.01881198910081744
More developed regions,80-84,2050,0.02423607909931167,0.019161503543217884
More developed regions,80-84,2055,0.024922741933331608,0.019875555053191697
More developed regions,80-84,2060,0.024970603786390145,0.020117269190400657
More developed regions,80-84,2065,0.025850700698397382,0.021266128917079394
More developed regions,80-84,2070,0.026418536268779404,0.022278157248294374
More developed regions,80-84,2075,0.025364044352059884,0.022108795894240845
More developed regions,80-84,2080,0.024084559605452714,0.021298811783448435
More developed regions,80-84,2085,0.02421422146410712,0.021535006241856045
More developed regions,80-84,2090,0.025629415033896683,0.02289242578641189
More developed regions,80-84,2095,0.025892736524519296,0.023229483624854455
More developed regions,80-84,2100,0.025544544429505173,0.023074876817994416
More developed regions,85-89,1950,0.0016555803735794408,9.351758670626642e-4
More developed regions,85-89,1955,0.0016577397822842798,9.439746422498063e-4
More developed regions,85-89,1960,0.002102919751840191,0.0011338524245780792
More developed regions,85-89,1965,0.002373208196775582,0.0012259161783692522
More developed regions,85-89,1970,0.0028618091274457014,0.001340667338983572
More developed regions,85-89,1975,0.0033698519859521143,0.001449808949518034
More developed regions,85-89,1980,0.003896130274778742,0.0015778404359234291
More developed regions,85-89,1985,0.0045094827416076256,0.0017178554704950473
More developed regions,85-89,1990,0.005559968922139484,0.0022156070221997187
More developed regions,85-89,1995,0.006611485446523241,0.0025926052604576394
More developed regions,85-89,2000,0.007250322082262881,0.00294354998186578
More developed regions,85-89,2005,0.0067093169612657474,0.0029316564313678142
More developed regions,85-89,2010,0.008881020564186956,0.004029906832700556
More developed regions,85-89,2015,0.010053166472892738,0.0050890524494695685
More developed regions,85-89,2020,0.01023084788731067,0.005671064143261714
More developed regions,85-89,2025,0.01145452757779543,0.006625818765792016
More developed regions,85-89,2030,0.01189494933157492,0.007338990115147028
More developed regions,85-89,2035,0.014843425501438226,0.009551684917840603
More developed regions,85-89,2040,0.016408902008000933,0.010682409601118577
More developed regions,85-89,2045,0.017782794861813934,0.01204982483456598
More developed regions,85-89,2050,0.019013836910407762,0.013432194451172347
More developed regions,85-89,2055,0.019150267234023848,0.013982199050689299
More developed regions,85-89,2060,0.019984690294119967,0.014728094888610052
More developed regions,85-89,2065,0.020204488722651657,0.015104965905322006
More developed regions,85-89,2070,0.02112685601479151,0.016179609370826634
More developed regions,85-89,2075,0.021780629710885593,0.017160690173503863
More developed regions,85-89,2080,0.02123861844243711,0.017329261588221366
More developed regions,85-89,2085,0.02046267707699468,0.01694505157067284
More developed regions,85-89,2090,0.020765890502735782,0.01731951996924406
More developed regions,85-89,2095,0.022151155684501028,0.018579244639721066
More developed regions,85-89,2100,0.022560530162814826,0.019029218908347443
More developed regions,90-94,1950,4.933604967968386e-4,2.331803343069635e-4
More developed regions,90-94,1955,4.8124197448029337e-4,2.3252316555418022e-4
More developed regions,90-94,1960,4.943552919479018e-4,2.357190796042975e-4
More developed regions,90-94,1965,6.476147912735458e-4,2.8863342933757076e-4
More developed regions,90-94,1970,7.704870727738427e-4,3.2425903834883726e-4
More developed regions,90-94,1975,9.805286842793019e-4,3.7008281079802446e-4
More developed regions,90-94,1980,0.0012463923864813513,4.274664258821227e-4
More developed regions,90-94,1985,0.0015178127707977129,4.879965409656949e-4
More developed regions,90-94,1990,0.0018114202407661217,5.421166118148249e-4
More developed regions,90-94,1995,0.0023258200225741354,7.293839997263741e-4
More developed regions,90-94,2000,0.0028291066435199405,8.743134451568168e-4
More developed regions,90-94,2005,0.003241775235814339,0.0010568848855537563
More developed regions,90-94,2010,0.003243524289583144,0.0011475839995853472
More developed regions,90-94,2015,0.0044404867346427195,0.0016703551354865715
More developed regions,90-94,2020,0.005273673413931922,0.0022476922279483485
More developed regions,90-94,2025,0.005555980404244394,0.002600073975694146
More developed regions,90-94,2030,0.006344439536923565,0.003147725364072385
More developed regions,90-94,2035,0.006891063588616858,0.003666797355682449
More developed regions,90-94,2040,0.008828989785217695,0.004936497456014293
More developed regions,90-94,2045,0.00988633709614636,0.00567458154924095
More developed regions,90-94,2050,0.01093436257236837,0.00658874452109914
More developed regions,90-94,2055,0.01198765754797771,0.007542522353229297
More developed regions,90-94,2060,0.012401650922922733,0.008054957109148733
More developed regions,90-94,2065,0.013235590495701865,0.00865895324498498
More developed regions,90-94,2070,0.013571640994934754,0.009051747163405843
More developed regions,90-94,2075,0.014416100313198604,0.009885806172245624
More developed regions,90-94,2080,0.015082846101678591,0.01068150900693026
More developed regions,90-94,2085,0.01505199671066646,0.01103759502452129
More developed regions,90-94,2090,0.01483025117084105,0.011023559984139456
More developed regions,90-94,2095,0.015305662950549697,0.01145874209547826
More developed regions,90-94,2100,0.01657160629656746,0.01248174672124099
More developed regions,95-99,1950,1.0431751797943105e-4,3.9272477356962274e-5
More developed regions,95-99,1955,9.138970188447879e-5,3.701861342156103e-5
More developed regions,95-99,1960,8.948594688681665e-5,3.6012637161767676e-5
More developed regions,95-99,1965,9.310755785082928e-5,3.620849471976694e-5
More developed regions,95-99,1970,1.2990193891039046e-4,4.660603915105612e-5
More developed regions,95-99,1975,1.6119586346614984e-4,5.436783560692627e-5
More developed regions,95-99,1980,2.308134049039539e-4,6.832076785157037e-5
More developed regions,95-99,1985,3.0948310042861165e-4,8.432293171098405e-5
More developed regions,95-99,1990,3.9021920367347297e-4,9.777304432087018e-5
More developed regions,95-99,1995,4.7542497520265415e-4,1.0859527311283648e-4
More developed regions,95-99,2000,6.168159338786783e-4,1.4726164860677857e-4
More developed regions,95-99,2005,7.806724037267183e-4,1.8524429918939078e-4
More developed regions,95-99,2010,9.677931400878546e-4,2.4215075220608245e-4
More developed regions,95-99,2015,0.0010400925021824435,2.8727880129140174e-4
More developed regions,95-99,2020,0.0015275197006846743,4.665021605175818e-4
More developed regions,95-99,2025,0.001850172687986441,6.406544820062708e-4
More developed regions,95-99,2030,0.002033424364389646,7.752673389279072e-4
More developed regions,95-99,2035,0.0023912208036209917,9.821085443443359e-4
More developed regions,95-99,2040,0.002721093719656659,0.0011978094535285665
More developed regions,95-99,2045,0.0035982872713117946,0.0016753600622810433
More developed regions,95-99,2050,0.004101069606456704,0.001995452805275371
More developed regions,95-99,2055,0.004637446358921707,0.0023925078710212194
More developed regions,95-99,2060,0.005230553122311923,0.0028141449055769942
More developed regions,95-99,2065,0.005592257167658219,0.0030889127630098533
More developed regions,95-99,2070,0.006163129179347059,0.0034076602991629148
More developed regions,95-99,2075,0.006436859625714462,0.0036498482831705975
More developed regions,95-99,2080,0.006985637868834697,0.00408512140996882
More developed regions,95-99,2085,0.007467719596373373,0.004519216315480205
More developed regions,95-99,2090,0.007666465326777856,0.004795964408684049
More developed regions,95-99,2095,0.007789532258168274,0.004913186961640152
More developed regions,95-99,2100,0.008250441815740132,0.005227851549911316
More developed regions,100+,1950,1.7181708843670996e-5,4.909059669620284e-6
More developed regions,100+,1955,1.2725148363661603e-5,3.4704950082713463e-6
More developed regions,100+,1960,1.0912920352050811e-5,3.2738761056152434e-6
More developed regions,100+,1965,1.0345284205647697e-5,3.103585261694309e-6
More developed regions,100+,1970,1.0907796397055688e-5,3.9664714171111595e-6
More developed regions,100+,1975,1.621496851434643e-5,4.76910838657248e-6
More developed regions,100+,1980,2.2158086870779576e-5,6.46277533731071e-6
More developed regions,100+,1985,3.408799367039781e-5,8.073472185094217e-6
More developed regions,100+,1990,4.6267601330411784e-5,1.0475683320093233e-5
More developed regions,100+,1995,5.9855662345657896e-5,1.197113246913158e-5
More developed regions,100+,2000,6.984409619635784e-5,1.1780931888542287e-5
More developed regions,100+,2005,9.179516611617133e-5,1.653966957048132e-5
More developed regions,100+,2010,1.247197854171796e-4,2.267632462130538e-5
More developed regions,100+,2015,1.6393194755132622e-4,3.103565997330933e-5
More developed regions,100+,2020,2.0262215052783855e-4,4.39800016649572e-5
More developed regions,100+,2025,3.0276971865826196e-4,6.86694207266161e-5
More developed regions,100+,2030,3.903552699516644e-4,9.875521769693501e-5
More developed regions,100+,2035,4.572821601729753e-4,1.2732474408890993e-4
More developed regions,100+,2040,5.522973550316541e-4,1.670097487085874e-4
More developed regions,100+,2045,6.59400544959128e-4,2.1253405994550408e-4
More developed regions,100+,2050,8.828745771187037e-4,3.047089248462783e-4
More developed regions,100+,2055,0.001052609270026068,3.8619221540106297e-4
More developed regions,100+,2060,0.001221619830014915,4.8138765911440455e-4
More developed regions,100+,2065,0.0014147268061768734,5.82394546121046e-4
More developed regions,100+,2070,0.0015794513459620341,6.625563192803889e-4
More developed regions,100+,2075,0.0018009119818275974,7.507801950907939e-4
More developed regions,100+,2080,0.001954277138167795,8.330758395967849e-4
More developed regions,100+,2085,0.0021639506085508204,9.541639570393104e-4
More developed regions,100+,2090,0.0023790814557919536,0.0010882005441807008
More developed regions,100+,2095,0.0025434386840700166,0.0011957297891913104
More developed regions,100+,2100,0.0026922832732056735,0.0012697933049746163
Less developed regions,0-4,1950,0.072875347566901,0.07559256998241763
Less developed regions,0-4,1955,0.08194989712316875,0.08549491693619331
Less developed regions,0-4,1960,0.07961268890360505,0.08301020434653525
Less developed regions,0-4,1965,0.08063729714672693,0.0842833778417579
Less developed regions,0-4,1970,0.08031951131989543,0.08353312387211523
Less developed regions,0-4,1975,0.07470479013310177,0.0780593877265541
Less developed regions,0-4,1980,0.06796277316180709,0.07115785256766395
Less developed regions,0-4,1985,0.06643909394749214,0.06985348342270647
Less developed regions,0-4,1990,0.06577763961044784,0.06957081108872534
Less developed regions,0-4,1995,0.05801716909318404,0.06191291642876566
Less developed regions,0-4,2000,0.053583393069332505,0.05740992780016532
Less developed regions,0-4,2005,0.050734028754327316,0.05452348372576483
Less developed regions,0-4,2010,0.0490888154382244,0.05268699700125322
Less developed regions,0-4,2015,0.047463300481629375,0.05073529687957534
Less developed regions,0-4,2020,0.04533010380750178,0.04827528784048563
Less developed regions,0-4,2025,0.04298839348433485,0.04561017758683157
Less developed regions,0-4,2030,0.04110525360627598,0.04340446883281437
Less developed regions,0-4,2035,0.03965745546503912,0.04169733214605896
Less developed regions,0-4,2040,0.03838084287187548,0.04028718198662479
Less developed regions,0-4,2045,0.03727214149240811,0.0390678542769316
Less developed regions,0-4,2050,0.036188368704406323,0.03791667060905109
Less developed regions,0-4,2055,0.03516301701818168,0.03683203970832291
Less developed regions,0-4,2060,0.03417964331211912,0.035794177905413754
Less developed regions,0-4,2065,0.033312360082490125,0.034879999258079074
Less developed regions,0-4,2070,0.03250697527835117,0.03403244907202155
Less developed regions,0-4,2075,0.03178511393751233,0.03327537114383485
Less developed regions,0-4,2080,0.031118300156184952,0.03257843056664112
Less developed regions,0-4,2085,0.03044555265197189,0.03187665719644674
Less developed regions,0-4,2090,0.029792549103109554,0.031195980412171448
Less developed regions,0-4,2095,0.029159368697809915,0.03053641202934931
Less developed regions,0-4,2100,0.028569942315006352,0.029923162471248096
Less developed regions,5-9,1950,0.0572626452781726,0.06045790831959136
Less developed regions,5-9,1955,0.06016683494071287,0.06257436761006668
Less developed regions,5-9,1960,0.06839022055529884,0.07160082072795945
Less developed regions,5-9,1965,0.06623460413770318,0.06927637603515273
Less developed regions,5-9,1970,0.06734841860247416,0.07041864259323785
Less developed regions,5-9,1975,0.06816121335610202,0.07098827342477756
Less developed regions,5-9,1980,0.06453657422181608,0.0675606844338327
Less developed regions,5-9,1985,0.05901662388363441,0.0618753930208548
Less developed regions,5-9,1990,0.05791174694653522,0.06097364126048461
Less developed regions,5-9,1995,0.05862704088458078,0.06201980793629004
Less developed regions,5-9,2000,0.052363043113246535,0.055896346740028933
Less developed regions,5-9,2005,0.04895519018252129,0.05246017349958079
Less developed regions,5-9,2010,0.04655720836055985,0.05007220305564939
Less developed regions,5-9,2015,0.045261337545093046,0.048558320988154345
Less developed regions,5-9,2020,0.04406198947664446,0.04706804913107334
Less developed regions,5-9,2025,0.04244369748337409,0.045170364539247304
Less developed regions,5-9,2030,0.04052032928705602,0.042953383129009134
Less developed regions,5-9,2035,0.03897806678589414,0.04111347633173274
Less developed regions,5-9,2040,0.03782620714481541,0.03972306638729273
Less developed regions,5-9,2045,0.03680613450620704,0.03858318261301096
Less developed regions,5-9,2050,0.035925451087625015,0.03760396067708087
Less developed regions,5-9,2055,0.035046597676403515,0.036667947164273566
Less developed regions,5-9,2060,0.034202380065315265,0.035774029990452816
Less developed regions,5-9,2065,0.033373855611809305,0.0348999825449853
Less developed regions,5-9,2070,0.032640924088178515,0.03412837510533667
Less developed regions,5-9,2075,0.03195246099880788,0.03340594687776053
Less developed regions,5-9,2080,0.031332026930634256,0.0327580034843298
Less developed regions,5-9,2085,0.030753337429416463,0.032156461539578164
Less developed regions,5-9,2090,0.030155480244556217,0.031536332888136405
Less developed regions,5-9,2095,0.029570473010377418,0.030930031399002546
Less developed regions,5-9,2100,0.02900343377148677,0.030342844499294527
Less developed regions,10-14,1950,0.052977705184272174,0.05621304696589415
Less developed regions,10-14,1955,0.04998970445768165,0.05273465846306677
Less developed regions,10-14,1960,0.052661961373676194,0.054806294890935414
Less developed regions,10-14,1965,0.05947553244704186,0.06226150557173554
Less developed regions,10-14,1970,0.05732830705657459,0.059981366916469846
Less developed regions,10-14,1975,0.058858209526423726,0.0615348273741498
Less developed regions,10-14,1980,0.06036605185907516,0.06286747635543459
Less developed regions,10-14,1985,0.057320211428580556,0.05995295197597974
Less developed regions,10-14,1990,0.052475712774034636,0.05501246495166468
Less developed regions,10-14,1995,0.05245203434867879,0.05518203033532893
Less developed regions,10-14,2000,0.05363505663618516,0.05668623424261211
Less developed regions,10-14,2005,0.04835080511853954,0.05157806759174023
Less developed regions,10-14,2010,0.04528878338681352,0.048532197424807196
Less developed regions,10-14,2015,0.04317696070321711,0.04641694755317219
Less developed regions,10-14,2020,0.04220903983044376,0.04526186790940849
Less developed regions,10-14,2025,0.04140587776239462,0.04421685680565059
Less developed regions,10-14,2030,0.0401606724316411,0.042722194821106514
Less developed regions,10-14,2035,0.038554090352772866,0.04084687910842309
Less developed regions,10-14,2040,0.03728989917081453,0.03930885916815511
Less developed regions,10-14,2045,0.03637074735077468,0.0381690219538087
Less developed regions,10-14,2050,0.035559637237555466,0.03725009225179536
Less developed regions,10-14,2055,0.034864771622330586,0.03646689061556468
Less developed regions,10-14,2060,0.03415319213884637,0.03570649507996921
Less developed regions,10-14,2065,0.033452463900633826,0.034963354957605074
Less developed regions,10-14,2070,0.032750864230551,0.0342227802275913
Less developed regions,10-14,2075,0.032128491668024596,0.03356782648221683
Less developed regions,10-14,2080,0.03153663186756365,0.0329475467825635
Less developed regions,10-14,2085,0.03100021742690874,0.03238872018229779
Less developed regions,10-14,2090,0.030492487733042403,0.031862782759892724
Less developed regions,10-14,2095,0.0299599292983844,0.031312306371169746
Less developed regions,10-14,2100,0.029438898003457756,0.030774363180284373
Less developed regions,15-19,1950,0.04837794368181895,0.051154993781986756
Less developed regions,15-19,1955,0.04651436948579399,0.049294427884834534
Less developed regions,15-19,1960,0.043886855844429855,0.0462586973421687
Less developed regions,15-19,1965,0.04596539594657978,0.04773660227589267
Less developed regions,15-19,1970,0.051563418234715934,0.053943816944070286
Less developed regions,15-19,1975,0.0501015484991409,0.05233112860698422
Less developed regions,15-19,1980,0.05217642005916068,0.05447517050251017
Less developed regions,15-19,1985,0.053681656967936954,0.055825600706252816
Less developed regions,15-19,1990,0.050958157219807614,0.05321918586229367
Less developed regions,15-19,1995,0.04743534703235075,0.049576674655477083
Less developed regions,15-19,2000,0.047913720228869604,0.050261990790969206
Less developed regions,15-19,2005,0.049334360706682345,0.05199830554655968
Less developed regions,15-19,2010,0.044552160175964695,0.04743136952323264
Less developed regions,15-19,2015,0.041966640498316804,0.04492099112665933
Less developed regions,15-19,2020,0.04018527043036458,0.04316004890903833
Less developed regions,15-19,2025,0.03959983386771971,0.04244746399827436
Less developed regions,15-19,2030,0.039121220057396384,0.04175640876295942
Less developed regions,15-19,2035,0.03816827443039187,0.040586729695548864
Less developed regions,15-19,2040,0.03683688767451023,0.039009800797547976
Less developed regions,15-19,2045,0.035807147278458205,0.037727047265063554
Less developed regions,15-19,2050,0.03509128196879524,0.03680657400486333
Less developed regions,15-19,2055,0.034462082761600364,0.03608043828024565
Less developed regions,15-19,2060,0.033928638561488395,0.03546775917140968
Less developed regions,15-19,2065,0.033357405281704174,0.03485504775067129
Less developed regions,15-19,2070,0.032781282451760776,0.034242986617394944
Less developed regions,15-19,2075,0.03219013456376127,0.03361885607938318
Less developed regions,15-19,2080,0.031663807253451845,0.03306528212729736
Less developed regions,15-19,2085,0.031156213607684648,0.032534302592408276
Less developed regions,15-19,2090,0.03069088730287701,0.032050938305573595
Less developed regions,15-19,2095,0.0302485349335109,0.03159456330678571
Less developed regions,15-19,2100,0.029780499654193222,0.031112953752639495
Less developed regions,20-24,1950,0.04261415615955056,0.04549401694110923
Less developed regions,20-24,1955,0.0422111995590469,0.04448826963108426
Less developed regions,20-24,1960,0.04067625567176923,0.04295180748482375
Less developed regions,20-24,1965,0.03810558884498215,0.0400272402515172
Less developed regions,20-24,1970,0.03965882437724416,0.041084537586748224
Less developed regions,20-24,1975,0.044855205960679156,0.04681722325889522
Less developed regions,20-24,1980,0.044224426549471285,0.04611753257970587
Less developed regions,20-24,1985,0.04622644071262102,0.048128914567582545
Less developed regions,20-24,1990,0.047544972469495246,0.04931362057524108
Less developed regions,20-24,1995,0.045823230737888035,0.04764497679864088
Less developed regions,20-24,2000,0.043108201268340564,0.04486617521698698
Less developed regions,20-24,2005,0.04377525576664548,0.045675608927796894
Less developed regions,20-24,2010,0.04519388744292481,0.04743032094926702
Less developed regions,20-24,2015,0.04115235679279354,0.04371736679659386
Less developed regions,20-24,2020,0.038970211427013506,0.04166529939305319
Less developed regions,20-24,2025,0.03759691713652733,0.04037834352441202
Less developed regions,20-24,2030,0.037313434890955954,0.039992134915933654
Less developed regions,20-24,2035,0.037089384680186625,0.03958126603152663
Less developed regions,20-24,2040,0.036384634567987684,0.03867370772593159
Less developed regions,20-24,2045,0.03529185578376885,0.037347532151432265
Less developed regions,20-24,2050,0.03447000160849284,0.03628523308953628
Less developed regions,20-24,2055,0.03393410780408018,0.03555983309312488
Less developed regions,20-24,2060,0.033465799308307446,0.03500469480186045
Less developed regions,20-24,2065,0.033070352541614646,0.034538627307172595
Less developed regions,20-24,2070,0.03262343361098289,0.03405721819500666
Less developed regions,20-24,2075,0.032157973052942136,0.03356225182034151
Less developed regions,20-24,2080,0.031664655796476954,0.033042053261985005
Less developed regions,20-24,2085,0.031224060901413886,0.032579744500766464
Less developed regions,20-24,2090,0.030789250840924626,0.032126618647280794
Less developed regions,20-24,2095,0.030391016402853917,0.03171518859748589
Less developed regions,20-24,2100,0.030014740786126114,0.03133006288689112
Less developed regions,25-29,1950,0.03732608585795514,0.03939333566061091
Less developed regions,25-29,1955,0.03692458266377378,0.039324256140518175
Less developed regions,25-29,1960,0.03676708327688901,0.03869240496231722
Less developed regions,25-29,1965,0.035188977137826656,0.03708450082786934
Less developed regions,25-29,1970,0.03275091326626513,0.03432707302341097
Less developed regions,25-29,1975,0.03444763950876656,0.035637650673162956
Less developed regions,25-29,1980,0.03949980991899853,0.041251281157802196
Less developed regions,25-29,1985,0.039107738164647854,0.04072747661043374
Less developed regions,25-29,1990,0.04086830195672839,0.0424903598395399
Less developed regions,25-29,1995,0.04279726112917653,0.04419756173694984
Less developed regions,25-29,2000,0.04169996544998967,0.04318105497003513
Less developed regions,25-29,2005,0.039423983342,0.0409044735933608
Less developed regions,25-29,2010,0.04029302748993937,0.041934395270791604
Less developed regions,25-29,2015,0.0417706636738828,0.04373663785099653
Less developed regions,25-29,2020,0.03826331819058639,0.040675342183861554
Less developed regions,25-29,2025,0.03647275730475727,0.039027758200753215
Less developed regions,25-29,2030,0.03541284393563739,0.03805739583651751
Less developed regions,25-29,2035,0.03536189783536477,0.03790799342954958
Less developed regions,25-29,2040,0.035345893363571176,0.037708909525236624
Less developed regions,25-29,2045,0.034851832956746015,0.03701974137344214
Less developed regions,25-29,2050,0.03396687450917314,0.035908893073072885
Less developed regions,25-29,2055,0.03332564113547895,0.035044985539128645
Less developed regions,25-29,2060,0.032946005613951994,0.03448929087668643
Less developed regions,25-29,2065,0.032613055445672015,0.03407879089852917
Less developed regions,25-29,2070,0.03233804551413258,0.03374097733092928
Less developed regions,25-29,2075,0.031999845624748065,0.03337539344248235
Less developed regions,25-29,2080,0.03163124441486329,0.03298360986113063
Less developed regions,25-29,2085,0.031224166091016567,0.03255565608175252
Less developed regions,25-29,2090,0.03085698683736974,0.03217219410167905
Less developed regions,25-29,2095,0.03049009774603474,0.031792309684982735
Less developed regions,25-29,2100,0.030158961057515647,0.03145362093077417
Less developed regions,30-34,1950,0.03342044166771704,0.035506859563513474
Less developed regions,30-34,1955,0.03213885831080802,0.03394856839567158
Less developed regions,30-34,1960,0.03195071100963982,0.034109676782904996
Less developed regions,30-34,1965,0.031633079206172546,0.033338123414690266
Less developed regions,30-34,1970,0.030151345512198058,0.03179325598275771
Less developed regions,30-34,1975,0.02841741381904176,0.02979844701398585
Less developed regions,30-34,1980,0.030294733704369078,0.03139432933407647
Less developed regions,30-34,1985,0.034941251202690406,0.03642521275706426
Less developed regions,30-34,1990,0.034595531748261785,0.0359590838708906
Less developed regions,30-34,1995,0.036810025155571954,0.03816398425088071
Less developed regions,30-34,2000,0.03897834489305642,0.04004208966212027
Less developed regions,30-34,2005,0.03813757889306585,0.03942098298176925
Less developed regions,30-34,2010,0.03617982134746298,0.03751535505500907
Less developed regions,30-34,2015,0.03719950424395979,0.0386108640079253
Less developed regions,30-34,2020,0.03885505376528752,0.040646974450946366
Less developed regions,30-34,2025,0.03582636540148948,0.038027024164945536
Less developed regions,30-34,2030,0.03435741905173413,0.03670358794890669
Less developed regions,30-34,2035,0.033552300098467276,0.03599325690616423
Less developed regions,30-34,2040,0.03369096046147513,0.036049299886153054
Less developed regions,30-34,2045,0.03385101585863251,0.03604734826165975
Less developed regions,30-34,2050,0.03354109699211839,0.0355583362506978
Less developed regions,30-34,2055,0.03283681808320563,0.034647708853535485
Less developed regions,30-34,2060,0.03235226119261699,0.03395689066570737
Less developed regions,30-34,2065,0.03210364723691313,0.03354476239706261
Less developed regions,30-34,2070,0.03188850765925378,0.033261129891345026
Less developed regions,30-34,2075,0.031718861225224916,0.03303683993859296
Less developed regions,30-34,2080,0.031476173177024634,0.03277359546241617
Less developed regions,30-34,2085,0.031192924779020314,0.032473503002058667
Less developed regions,30-34,2090,0.030859809170554954,0.03212546880783496
Less developed regions,30-34,2095,0.030560974211062204,0.03181603925036638
Less developed regions,30-34,2100,0.030262376025337084,0.03151020843826682
Less developed regions,35-39,1950,0.029844140168714072,0.03162619197948898
Less developed regions,35-39,1955,0.02861951186030757,0.030431841676040936
Less developed regions,35-39,1960,0.027636555529175537,0.029256959879770058
Less developed regions,35-39,1965,0.027327905791882625,0.029234807681042953
Less developed regions,35-39,1970,0.026964107539935202,0.02844925642258169
Less developed regions,35-39,1975,0.026095126991709842,0.02753587519102203
Less developed regions,35-39,1980,0.024942834953688684,0.026141693460235736
Less developed regions,35-39,1985,0.026759229234521835,0.027659083926625104
Less developed regions,35-39,1990,0.030888210009027375,0.03210588931601193
Less developed regions,35-39,1995,0.031125320565226555,0.03225238112309092
Less developed regions,35-39,2000,0.03350705207687539,0.03452337130605497
Less developed regions,35-39,2005,0.035624402154783706,0.03651138364799924
Less developed regions,35-39,2010,0.035051380998127074,0.036190656611774404
Less developed regions,35-39,2015,0.03338432541429093,0.03443084165676848
Less developed regions,35-39,2020,0.03452061751494366,0.035679401069754875
Less developed regions,35-39,2025,0.03634773798326016,0.03782044530926202
Less developed regions,35-39,2030,0.03371425014987997,0.035591708505003386
Less developed regions,35-39,2035,0.03251472897023599,0.0345560531189046
Less developed regions,35-39,2040,0.03192745142229052,0.03408974708838363
Less developed regions,35-39,2045,0.032227798853818,0.034336053496626086
Less developed regions,35-39,2050,0.03254383142995013,0.03451600923464126
Less developed regions,35-39,2055,0.03239589853852847,0.034209783278083085
Less developed regions,35-39,2060,0.03184946378406658,0.03347637977761654
Less developed regions,35-39,2065,0.031497193121023975,0.032933892085172084
Less developed regions,35-39,2070,0.031363684706880786,0.03264972364502848
Less developed regions,35-39,2075,0.03125241211331144,0.032480124186313776
Less developed regions,35-39,2080,0.031176107149770496,0.032357809380112804
Less developed regions,35-39,2085,0.031018415228172554,0.032187176903561016
Less developed regions,35-39,2090,0.03080911170407983,0.0319680453346153
Less developed regions,35-39,2095,0.03054577896305338,0.03169624657599544
Less developed regions,35-39,2100,0.030316160115027347,0.0314626541659152
Less developed regions,40-44,1950,0.025975089610835434,0.027277358241786325
Less developed regions,40-44,1955,0.025314459394957436,0.02677364948944065
Less developed regions,40-44,1960,0.024395274819728245,0.02591136534524808
Less developed regions,40-44,1965,0.02345973950666657,0.024796045780816272
Less developed regions,40-44,1970,0.02317136864753383,0.02475050018833679
Less developed regions,40-44,1975,0.02323441537361138,0.024487110796736725
Less developed regions,40-44,1980,0.022828683830551453,0.02402635710871833
Less developed regions,40-44,1985,0.02192317583746388,0.02287281538975156
Less developed regions,40-44,1990,0.023574003551166085,0.02421584394000084
Less developed regions,40-44,1995,0.027733209289637076,0.028686051991679513
Less developed regions,40-44,2000,0.028235551960632363,0.02905894005734656
Less developed regions,40-44,2005,0.030519101699647815,0.03133351197978207
Less developed regions,40-44,2010,0.03271061438220556,0.03341001321727484
Less developed regions,40-44,2015,0.03232245765389938,0.03314980648105157
Less developed regions,40-44,2020,0.030913928618196997,0.031708071800725414
Less developed regions,40-44,2025,0.032209497035535474,0.03305638342426328
Less developed regions,40-44,2030,0.03414963873212421,0.035294013971539744
Less developed regions,40-44,2035,0.03184797273602572,0.03339702629614478
Less developed regions,40-44,2040,0.03088302229451081,0.03261670133561288
Less developed regions,40-44,2045,0.030482102525928652,0.032359915494146733
Less developed regions,40-44,2050,0.03092540377901201,0.03277280511689958
Less developed regions,40-44,2055,0.03137783384944757,0.033109960198633735
Less developed regions,40-44,2060,0.031371766850579234,0.03296559073799224
Less developed regions,40-44,2065,0.030959300448056205,0.03238396527810056
Less developed regions,40-44,2070,0.030723272513910632,0.0319733527691282
Less developed regions,40-44,2075,0.030691622569661833,0.03180387481882349
Less developed regions,40-44,2080,0.03067281506800277,0.03173699408936749
Less developed regions,40-44,2085,0.03068002027634781,0.03170761750493839
Less developed regions,40-44,2090,0.03059649593746044,0.03161933038995341
Less developed regions,40-44,2095,0.03045762570919397,0.031478309251814086
Less developed regions,40-44,2100,0.03026517944313947,0.03128520820205291
Less developed regions,45-49,1950,0.022163543332378802,0.023304335299902244
Less developed regions,45-49,1955,0.021800876352370567,0.02264966915418845
Less developed regions,45-49,1960,0.02141643070187156,0.022410008085501466
Less developed regions,45-49,1965,0.020530063941264894,0.021579808163562877
Less developed regions,45-49,1970,0.019721870767529993,0.020723733332937096
Less developed regions,45-49,1975,0.019839567887712038,0.021056962175658448
Less developed regions,45-49,1980,0.020215551559360535,0.02117203086216179
Less developed regions,45-49,1985,0.019941898139643605,0.020802084681118653
Less developed regions,45-49,1990,0.019207145376608937,0.019847790086626932
Less developed regions,45-49,1995,0.021055441061902644,0.021443223340733404
Less developed regions,45-49,2000,0.02504694119394503,0.025673563752841497
Less developed regions,45-49,2005,0.02556588200370807,0.02611926094376706
Less developed regions,45-49,2010,0.027896960830694276,0.02845952076325
Less developed regions,45-49,2015,0.03007362359351924,0.030442549965516246
Less developed regions,45-49,2020,0.029850675320716388,0.030399322609205803
Less developed regions,45-49,2025,0.028757630995404418,0.029236702717526014
Less developed regions,45-49,2030,0.0301675268413894,0.030701779750658107
Less developed regions,45-49,2035,0.03219194368456048,0.0330067363828494
Less developed regions,45-49,2040,0.030180247763413735,0.03140530005754914
Less developed regions,45-49,2045,0.02941589806011783,0.03084295296184037
Less developed regions,45-49,2050,0.029177941886099783,0.030766210296246533
Less developed regions,45-49,2055,0.02974439333201599,0.0313187605335898
Less developed regions,45-49,2060,0.030316421316088818,0.031794873064759
Less developed regions,45-49,2065,0.030431013001391432,0.0317896557012152
Less developed regions,45-49,2070,0.030136744027083516,0.03134380422659011
Less developed regions,45-49,2075,0.030004009468348785,0.031052153105944304
Less developed regions,45-49,2080,0.03006313690446201,0.03098656385153679
Less developed regions,45-49,2085,0.0301273541038619,0.03101389207525727
Less developed regions,45-49,2090,0.03020805926648815,0.031068139171967164
Less developed regions,45-49,2095,0.03019566379660349,0.031060544008612582
Less developed regions,45-49,2100,0.030128850273712215,0.03100123236169987
Less developed regions,50-54,1950,0.018516377973886087,0.019158799519752138
Less developed regions,50-54,1955,0.018397322006315647,0.018875160916968677
Less developed regions,50-54,1960,0.018181758108039858,0.018457410930861645
Less developed regions,50-54,1965,0.017800981812159417,0.01819921878127688
Less developed regions,50-54,1970,0.017035378341492116,0.017705887029130167
Less developed regions,50-54,1975,0.016710303708532714,0.017313062343784227
Less developed regions,50-54,1980,0.017070844359661108,0.017918578958581306
Less developed regions,50-54,1985,0.017490193447460466,0.01806311868337947
Less developed regions,50-54,1990,0.01729716803472251,0.017814179555087913
Less developed regions,50-54,1995,0.01700799085061158,0.017340250751300842
Less developed regions,50-54,2000,0.01884166246900186,0.018915525224736517
Less developed regions,50-54,2005,0.022592525015034618,0.022868558156263638
Less developed regions,50-54,2010,0.023227136674800686,0.02348508587034348
Less developed regions,50-54,2015,0.02547437415209402,0.02568227290001442
Less developed regions,50-54,2020,0.027623424939132047,0.027688287377094882
Less developed regions,50-54,2025,0.027629414916818692,0.027828171010786284
Less developed regions,50-54,2030,0.026789754130752616,0.02693639829270395
Less developed regions,50-54,2035,0.028281807213362917,0.028474715174553415
Less developed regions,50-54,2040,0.030378061098155988,0.030839288483762686
Less developed regions,50-54,2045,0.02861966046877375,0.029493118589506644
Less developed regions,50-54,2050,0.02803366480901513,0.02912152636509003
Less developed regions,50-54,2055,0.02793960565279814,0.02919764849050981
Less developed regions,50-54,2060,0.028614879246454474,0.029872829512395695
Less developed regions,50-54,2065,0.02928986795463551,0.030467446618402796
Less developed regions,50-54,2070,0.0295133877652917,0.030588563248553042
Less developed regions,50-54,2075,0.029326580845461796,0.03026741224195748
Less developed regions,50-54,2080,0.029288098918903153,0.030085092955236703
Less developed regions,50-54,2085,0.02943057817570303,0.030115888437169672
Less developed regions,50-54,2090,0.02956979384319514,0.030229592623382737
Less developed regions,50-54,2095,0.029722841798630283,0.030367286837470274
Less developed regions,50-54,2100,0.029785275847486182,0.03044553265509312
Less developed regions,55-59,1950,0.015265353206967196,0.015329246850769425
Less developed regions,55-59,1955,0.015015773399567115,0.014984336629129416
Less developed regions,55-59,1960,0.01496407781150539,0.014762058276971614
Less developed regions,55-59,1965,0.014748674545156491,0.014421656674219824
Less developed regions,55-59,1970,0.014490045639167514,0.014514191381381627
Less developed regions,55-59,1975,0.014141898686401871,0.014379768952420668
Less developed regions,55-59,1980,0.014150441630909808,0.01438304270051916
Less developed regions,55-59,1985,0.014520672963519677,0.014926672491761538
Less developed regions,55-59,1990,0.014947180888269794,0.01515929431036235
Less developed regions,55-59,1995,0.015083943715172823,0.015222312476446708
Less developed regions,55-59,2000,0.014990506819590825,0.014960840630812152
Less developed regions,55-59,2005,0.016811018372893397,0.016624433471043618
Less developed regions,55-59,2010,0.020209690326398355,0.02018784503544792
Less developed regions,55-59,2015,0.020977685915455926,0.020845401558962976
Less developed regions,55-59,2020,0.023168770836866522,0.022991970858211325
Less developed regions,55-59,2025,0.02534371983619137,0.025019654688811264
Less developed regions,55-59,2030,0.025533984405873587,0.0253281318029466
Less developed regions,55-59,2035,0.024902628193327465,0.024661164271919167
Less developed regions,55-59,2040,0.026459840290695858,0.026246606363724497
Less developed regions,55-59,2045,0.02860880323794341,0.028644424714375536
Less developed regions,55-59,2050,0.027081815515332723,0.027532903140345732
Less developed regions,55-59,2055,0.026656804992650957,0.027329066236272074
Less developed regions,55-59,2060,0.026692047786802193,0.02754174951887004
Less developed regions,55-59,2065,0.027459906736564746,0.028320402527433133
Less developed regions,55-59,2070,0.02822865246519585,0.029022350765762425
Less developed regions,55-59,2075,0.02855266769011741,0.02926107856842683
Less developed regions,55-59,2080,0.028466178931207026,0.02905761341970794
Less developed regions,55-59,2085,0.028515744201186476,0.028979630349009633
Less developed regions,55-59,2090,0.028735114936383043,0.029101495596167187
Less developed regions,55-59,2095,0.02894975753692107,0.029303411322770277
Less developed regions,55-59,2100,0.029180360583904167,0.029532033772670434
Less developed regions,60-64,1950,0.012609701030023623,0.011943464580558559
Less developed regions,60-64,1955,0.011725391427087912,0.011217163638345105
Less developed regions,60-64,1960,0.011611403153109566,0.011002984508216955
Less developed regions,60-64,1965,0.011572049917423773,0.010860701765180098
Less developed regions,60-64,1970,0.011585498587288344,0.010956223397892857
Less developed regions,60-64,1975,0.011626280408463826,0.011259082619172673
Less developed regions,60-64,1980,0.011619682732141054,0.011464714121433166
Less developed regions,60-64,1985,0.011693052642564405,0.011523730872097637
Less developed regions,60-64,1990,0.012074442963131244,0.012069660247864218
Less developed regions,60-64,1995,0.01272074517152043,0.01252838417638454
Less developed regions,60-64,2000,0.013002670360611696,0.012732849310291382
Less developed regions,60-64,2005,0.013042190878042296,0.012726778008784679
Less developed regions,60-64,2010,0.014733163266286932,0.014192623387009252
Less developed regions,60-64,2015,0.017917997743980122,0.01745581906635661
Less developed regions,60-64,2020,0.018746624623130835,0.018178043252052366
Less developed regions,60-64,2025,0.02090212957303801,0.020278626491087193
Less developed regions,60-64,2030,0.023081378008993625,0.022298449647627158
Less developed regions,60-64,2035,0.023420421320987924,0.022744453929012764
Less developed regions,60-64,2040,0.022978325599232206,0.022281744584686163
Less developed regions,60-64,2045,0.02457784280730416,0.02388907960204467
Less developed regions,60-64,2050,0.026762482377541655,0.026295664638704124
Less developed regions,60-64,2055,0.025454726348909804,0.025401295513514086
Less developed regions,60-64,2060,0.025178928117417097,0.025350691906413723
Less developed regions,60-64,2065,0.025328208926699868,0.025680069343109613
Less developed regions,60-64,2070,0.026177921173135194,0.026547285287825358
Less developed regions,60-64,2075,0.027032607483769157,0.027345860599147506
Less developed regions,60-64,2080,0.027451745744689313,0.027695065457139297
Less developed regions,60-64,2085,0.02746174438232297,0.02760606451720129
Less developed regions,60-64,2090,0.02759499686041566,0.027628864858638216
Less developed regions,60-64,2095,0.02789306333806086,0.027844147128717384
Less developed regions,60-64,2100,0.028190131117927224,0.02814288833644253
Less developed regions,65-69,1950,0.009186744276146006,0.008183614068451002
Less developed regions,65-69,1955,0.008888746841259504,0.007952455028390024
Less developed regions,65-69,1960,0.008357378220689349,0.007517203520992804
Less developed regions,65-69,1965,0.008322099117599588,0.00746114871769803
Less developed regions,65-69,1970,0.00857879647219562,0.007655686173702241
Less developed regions,65-69,1975,0.008799550256939478,0.007925269806246256
Less developed regions,65-69,1980,0.009090997983037604,0.0084192697985734
Less developed regions,65-69,1985,0.009160946732329436,0.008640734877782162
Less developed regions,65-69,1990,0.009287793912799144,0.008787282760104981
Less developed regions,65-69,1995,0.00983620461264179,0.009406671254184944
Less developed regions,65-69,2000,0.010545421962182269,0.009929697186918785
Less developed regions,65-69,2005,0.010835050883296676,0.01024548009795426
Less developed regions,65-69,2010,0.01098136561729462,0.01034785217973187
Less developed regions,65-69,2015,0.012599676670902489,0.01168691461110114
Less developed regions,65-69,2020,0.015551344523202813,0.014621649579068845
Less developed regions,65-69,2025,0.01642736500557082,0.015410405982500482
Less developed regions,65-69,2030,0.01851874800859982,0.01740631778850139
Less developed regions,65-69,2035,0.02066010051478529,0.019363037913520124
Less developed regions,65-69,2040,0.021126211353878703,0.01993048346463799
Less developed regions,65-69,2045,0.020856740425081326,0.019665128843612205
Less developed regions,65-69,2050,0.022472419078617453,0.021264748460104645
Less developed regions,65-69,2055,0.024664203320910665,0.023634738518243176
Less developed regions,65-69,2060,0.02357261027156463,0.022952527235141025
Less developed regions,65-69,2065,0.023433329627408857,0.023035540772584785
Less developed regions,65-69,2070,0.0236853652180025,0.023463746749188403
Less developed regions,65-69,2075,0.02460312695649191,0.024399330182934675
Less developed regions,65-69,2080,0.02553467491521199,0.025277248174969572
Less developed regions,65-69,2085,0.02604326259016984,0.02572790416133224
Less developed regions,65-69,2090,0.026147035405542623,0.02574887736471015
Less developed regions,65-69,2095,0.02636614906725635,0.02587313612329882
Less developed regions,65-69,2100,0.026749278197788603,0.026187452504132187
Less developed regions,70-74,1950,0.00604956636545654,0.005107425545027303
Less developed regions,70-74,1955,0.005824709615931736,0.00477891305270427
Less developed regions,70-74,1960,0.005683451437666354,0.004665801632865368
Less developed regions,70-74,1965,0.005386945160030156,0.0044678395201939855
Less developed regions,70-74,1970,0.005664962596387946,0.004743338189723127
Less developed regions,70-74,1975,0.005994924554545863,0.005020679207037529
Less developed regions,70-74,1980,0.006330008471419847,0.005373232861523546
Less developed regions,70-74,1985,0.006644548344826448,0.005777439844181375
Less developed regions,70-74,1990,0.006755824450436124,0.0060405693822525395
Less developed regions,70-74,1995,0.007049156103570657,0.006261568983713144
Less developed regions,70-74,2000,0.00763450286732796,0.006822416175862781
Less developed regions,70-74,2005,0.008264117210572594,0.0073587585109437205
Less developed regions,70-74,2010,0.008618229423439858,0.007709290557573963
Less developed regions,70-74,2015,0.008885752533857854,0.007913217542604137
Less developed regions,70-74,2020,0.010375229970310484,0.009106655622162651
Less developed regions,70-74,2025,0.013000415910164563,0.011599417233225355
Less developed regions,70-74,2030,0.013901315776791337,0.012408161511814562
Less developed regions,70-74,2035,0.015871219592816822,0.014231896686601806
Less developed regions,70-74,2040,0.017918980966818047,0.016061810789586146
Less developed regions,70-74,2045,0.0184837645361852,0.016723795219451474
Less developed regions,70-74,2050,0.018375256649225558,0.016652040420478954
Less developed regions,70-74,2055,0.01996332618004994,0.018194005520879252
Less developed regions,70-74,2060,0.022112055274172603,0.020464653691109277
Less developed regions,70-74,2065,0.021238259404924215,0.019990463224735026
Less developed regions,70-74,2070,0.021225834760183287,0.02019085478352058
Less developed regions,70-74,2075,0.021565579464660933,0.02069636103225585
Less developed regions,70-74,2080,0.022529453723910617,0.021670940318256667
Less developed regions,70-74,2085,0.02352007959066097,0.02260671827058195
Less developed regions,70-74,2090,0.0241087881915252,0.02314668616794367
Less developed regions,70-74,2095,0.024307401116143004,0.023278807718395002
Less developed regions,70-74,2100,0.024616292571326994,0.02351039616342929
Less developed regions,75-79,1950,0.0034647780480027137,0.0027247734825114386
Less developed regions,75-79,1955,0.0032154576696026864,0.0024499723094447063
Less developed regions,75-79,1960,0.0030949581493877817,0.0022580875074990313
Less developed regions,75-79,1965,0.0031504969112403545,0.00232958091564161
Less developed regions,75-79,1970,0.003190209755919979,0.002436491125882527
Less developed regions,75-79,1975,0.0034453248100337042,0.002667710084643544
Less developed regions,75-79,1980,0.003788286210134473,0.002934329162218356
Less developed regions,75-79,1985,0.004069047075179398,0.003179575321831167
Less developed regions,75-79,1990,0.0043453359558555385,0.003485164615081097
Less developed regions,75-79,1995,0.004595897639468279,0.0037523509573894167
Less developed regions,75-79,2000,0.004930238039884274,0.003975874728766274
Less developed regions,75-79,2005,0.005388834496941789,0.004417655394750832
Less developed regions,75-79,2010,0.005945763909726869,0.004849130304014798
Less developed regions,75-79,2015,0.006363530803392294,0.005216903066433041
Less developed regions,75-79,2020,0.006718705867091191,0.005495366552510821
Less developed regions,75-79,2025,0.007996311133253067,0.006469423939070537
Less developed regions,75-79,2030,0.01021703611356895,0.00842880350205536
Less developed regions,75-79,2035,0.011087865365507293,0.009201420255256972
Less developed regions,75-79,2040,0.012857234766761646,0.01076635413845088
Less developed regions,75-79,2045,0.014725210807165576,0.01238029293052763
Less developed regions,75-79,2050,0.015349634304421463,0.013092422106368686
Less developed regions,75-79,2055,0.015381747197529654,0.013193961762867504
Less developed regions,75-79,2060,0.01687393505888031,0.014608138812155473
Less developed regions,75-79,2065,0.01889723390459405,0.016678537033502035
Less developed regions,75-79,2070,0.018250172270336727,0.016407262611041445
Less developed regions,75-79,2075,0.018350500433108347,0.016697934802185267
Less developed regions,75-79,2080,0.01875513434822615,0.017243773152629024
Less developed regions,75-79,2085,0.019725469863546997,0.01821042401613272
Less developed regions,75-79,2090,0.020742267355859524,0.019164164981890552
Less developed regions,75-79,2095,0.021395533658671227,0.01977161958550902
Less developed regions,75-79,2100,0.021687551610143015,0.020013080539805366
Less developed regions,80-84,1950,0.0014985963728159264,0.0010495983122784415
Less developed regions,80-84,1955,0.0014303730549153225,9.860666993958378e-4
Less developed regions,80-84,1960,0.0013145429992443148,8.87847533780451e-4
Less developed regions,80-84,1965,0.0013565341836921751,8.845496277011107e-4
Less developed regions,80-84,1970,0.0015066943141606233,0.0010092920245499048
Less developed regions,80-84,1975,0.0015730449769453894,0.00109037618473249
Less developed regions,80-84,1980,0.0017840650192584796,0.0012358968934275234
Less developed regions,80-84,1985,0.0020113615972899997,0.0013870541259935008
Less developed regions,80-84,1990,0.002211766675235698,0.001528555799341181
Less developed regions,80-84,1995,0.002486921638251159,0.0017631633940523729
Less developed regions,80-84,2000,0.002707897421988014,0.0019496942162636908
Less developed regions,80-84,2005,0.002964355907981202,0.002142069682241224
Less developed regions,80-84,2010,0.003352290968090671,0.002459954523347111
Less developed regions,80-84,2015,0.003807503070711868,0.0027856472453089273
Less developed regions,80-84,2020,0.0042126850074538135,0.003083955915623015
Less developed regions,80-84,2025,0.004546038618656737,0.0033424922420658
Less developed regions,80-84,2030,0.005548106307516525,0.004050958915125113
Less developed regions,80-84,2035,0.007262603133714824,0.00542853003475633
Less developed regions,80-84,2040,0.008027935034814516,0.006077735711020124
Less developed regions,80-84,2045,0.009489341737073978,0.007294717213053759
Less developed regions,80-84,2050,0.011062527793810142,0.008591953751099925
Less developed regions,80-84,2055,0.011678552724488964,0.009262995323420072
Less developed regions,80-84,2060,0.011812756309055058,0.009470195380747193
Less developed regions,80-84,2065,0.013108373781088502,0.010653631233722868
Less developed regions,80-84,2070,0.014885482458517965,0.012394881960463048
Less developed regions,80-84,2075,0.01446592595133749,0.012288270053774046
Less developed regions,80-84,2080,0.014651156007286864,0.012612849593097103
Less developed regions,80-84,2085,0.015078193217100926,0.01313965402929299
Less developed regions,80-84,2090,0.015992907790298137,0.01402500984419362
Less developed regions,80-84,2095,0.016978712186078927,0.01492756185896999
Less developed regions,80-84,2100,0.01766153215504645,0.015556892197475657
Less developed regions,85-89,1950,4.8152573374589267e-4,3.101745980944592e-4
Less developed regions,85-89,1955,4.6107263308625777e-4,2.6092519463290497e-4
Less developed regions,85-89,1960,4.257514489473508e-4,2.449722860351165e-4
Less developed regions,85-89,1965,4.370071290738694e-4,2.486347214595785e-4
Less developed regions,85-89,1970,4.8477220906795204e-4,2.6968936688378023e-4
Less developed regions,85-89,1975,5.552505654779972e-4,3.229888910296846e-4
Less developed regions,85-89,1980,6.053553951744019e-4,3.579389708128622e-4
Less developed regions,85-89,1985,7.118968777172017e-4,4.1984344658190995e-4
Less developed regions,85-89,1990,8.319533206989938e-4,4.856847353663859e-4
Less developed regions,85-89,1995,9.633351199589397e-4,5.696508560501468e-4
Less developed regions,85-89,2000,0.0011281224168216573,6.934219363504856e-4
Less developed regions,85-89,2005,0.0012650268822900549,7.990334339516639e-4
Less developed regions,85-89,2010,0.0014524497047128332,9.159293589700347e-4
Less developed regions,85-89,2015,0.001727535707385697,0.001101716381359795
Less developed regions,85-89,2020,0.0020550505758343105,0.0013089025306164508
Less developed regions,85-89,2025,0.0023400198147656946,0.0015022599813731352
Less developed regions,85-89,2030,0.002596496677855685,0.0016823458880013131
Less developed regions,85-89,2035,0.0032687767148247924,0.002111855299554088
Less developed regions,85-89,2040,0.004406244632022326,0.0029257413797309463
Less developed regions,85-89,2045,0.00498383492519856,0.0033780626845271774
Less developed regions,85-89,2050,0.006033385688198394,0.004186102621843333
Less developed regions,85-89,2055,0.007187714040011404,0.005079614247792869
Less developed regions,85-89,2060,0.007708884915334859,0.005607536175637591
Less developed regions,85-89,2065,0.007887105248659989,0.00582805386301777
Less developed regions,85-89,2070,0.008876580131534906,0.0066813622887278
Less developed regions,85-89,2075,0.010259843566411376,0.007959223492482783
Less developed regions,85-89,2080,0.010050673928780724,0.007957000082202606
Less developed regions,85-89,2085,0.010270923184977073,0.00824854788383239
Less developed regions,85-89,2090,0.010664133674898367,0.00868630529721625
Less developed regions,85-89,2095,0.011438379054204051,0.009400238357239656
Less developed regions,85-89,2100,0.012307107982773725,0.010160832079323018
Less developed regions,90-94,1950,1.330149493700958e-4,7.376811602621033e-5
Less developed regions,90-94,1955,1.0688501948817793e-4,5.029883270031903e-5
Less developed regions,90-94,1960,9.723370120083621e-5,4.389676801785324e-5
Less developed regions,90-94,1965,1.0282520684091044e-4,4.6355626034836674e-5
Less developed regions,90-94,1970,1.1069894122777756e-4,5.0148849213926076e-5
Less developed regions,90-94,1975,1.2371893170187102e-4,5.7735501460873147e-05
Less developed regions,90-94,1980,1.514129255673614e-4,7.229893119067747e-5
Less developed regions,90-94,1985,1.69321770466769e-4,8.306351004030178e-5
Less developed regions,90-94,1990,2.1043947174909875e-4,1.0115442789757816e-4
Less developed regions,90-94,1995,2.592501593535971e-4,1.2372309459876557e-4
Less developed regions,90-94,2000,3.158339145484604e-4,1.564033762140938e-4
Less developed regions,90-94,2005,3.864839022235107e-4,1.9933643283046672e-4
Less developed regions,90-94,2010,4.5490633875195583e-4,2.4029820045483644e-4
Less developed regions,90-94,2015,5.601670898405124e-4,2.9592500489533777e-4
Less developed regions,90-94,2020,7.110333920417622e-4,3.7813421280461195e-4
Less developed regions,90-94,2025,8.775979717606994e-4,4.671927135900059e-4
Less developed regions,90-94,2030,0.001031466119415439,5.560085689760437e-4
Less developed regions,90-94,2035,0.0011812651893636393,6.457021593190797e-4
Less developed regions,90-94,2040,0.0015407952399412552,8.43835030504333e-4
Less developed regions,90-94,2045,0.0021465599291083824,0.0012145459567062431
Less developed regions,90-94,2050,0.002494937978408349,0.0014580514528475055
Less developed regions,90-94,2055,0.0031058976127010625,0.0018781399252244672
Less developed regions,90-94,2060,0.003794561503705303,0.002362483726900528
Less developed regions,90-94,2065,0.004146918450193424,0.002685488788437604
Less developed regions,90-94,2070,0.004301462388575612,0.0028488836893043774
Less developed regions,90-94,2075,0.004922855256048508,0.003340401718711138
Less developed regions,90-94,2080,0.005817823115903022,0.004090613788293819
Less developed regions,90-94,2085,0.005758289229962669,0.004137001883840594
Less developed regions,90-94,2090,0.00595418224307125,0.004344511549771376
Less developed regions,90-94,2095,0.006251283400013759,0.004639234109543375
Less developed regions,90-94,2100,0.00680566012130908,0.005114368544157101
Less developed regions,95-99,1950,3.136597059382172e-5,1.5102133989617863e-5
Less developed regions,95-99,1955,2.0433900784504607e-5,8.383138783386505e-6
Less developed regions,95-99,1960,1.6992297297233512e-5,6.136107357334324e-6
Less developed regions,95-99,1965,1.6856591285395154e-5,5.899806949888304e-6
Less developed regions,95-99,1970,1.8573647857009657e-5,6.686513228523477e-6
Less developed regions,95-99,1975,2.0124946223504355e-5,7.5880944777147565e-6
Less developed regions,95-99,1980,2.400087469854457e-5,9.185519946356563e-6
Less developed regions,95-99,1985,3.0350128668571802e-5,1.1980313948120448e-5
Less developed regions,95-99,1990,3.539209297598479e-5,1.4348145801074915e-5
Less developed regions,95-99,1995,4.656010450448245e-5,1.8143139313953256e-5
Less developed regions,95-99,2000,6.054324240545567e-5,2.421729696218227e-5
Less developed regions,95-99,2005,7.613414085528643e-5,3.187882745172092e-5
Less developed regions,95-99,2010,9.874071509598734e-5,4.299153259046528e-5
Less developed regions,95-99,2015,1.2738493588209903e-4,5.585339496368958e-5
Less developed regions,95-99,2020,1.703597365879659e-4,7.421612287000494e-5
Less developed regions,95-99,2025,2.2541143018482143e-4,9.83639852798803e-5
Less developed regions,95-99,2030,0.00028722978575632173,1.2447542009765813e-4
Less developed regions,95-99,2035,3.4791858757685887e-4,1.5251045499303307e-4
Less developed regions,95-99,2040,4.1054166852577494e-4,1.826455391070643e-4
Less developed regions,95-99,2045,5.535967809896476e-4,2.476424560178459e-4
Less developed regions,95-99,2050,7.962039568923918e-4,3.6948026757751515e-4
Less developed regions,95-99,2055,9.534640454235798e-4,4.624530925629344e-4
Less developed regions,95-99,2060,0.0012221567633849126,6.194076873187672e-4
Less developed regions,95-99,2065,0.0015328616320780994,8.077222486519286e-4
Less developed regions,95-99,2070,0.0017129804001278,9.476362271889142e-4
Less developed regions,95-99,2075,0.0018094065986843798,0.0010310980368613797
Less developed regions,95-99,2080,0.0021126599967649295,0.0012386606809027436
Less developed regions,95-99,2085,0.00256042011885794,0.0015609085141831875
Less developed regions,95-99,2090,0.0025743859883491996,0.0016071619526907969
Less developed regions,95-99,2095,0.0027045459914883715,0.001717167102038276
Less developed regions,95-99,2100,0.00288066753738747,0.0018667647655236925
Less developed regions,100+,1950,6.389364380222943e-6,2.904256536464974e-6
Less developed regions,100+,1955,3.667623217731596e-6,1.5718385218849697e-6
Less developed regions,100+,1960,2.8320495495389186e-6,9.440165165129729e-7
Less developed regions,100+,1965,2.528488692809273e-6,8.428295642697577e-7
Less developed regions,100+,1970,2.600310699981352e-6,7.429459142803863e-7
Less developed regions,100+,1975,2.6393372096399152e-6,6.598343024099788e-7
Less developed regions,100+,1980,3.259378045481361e-6,8.889212851312804e-7
Less developed regions,100+,1985,3.727208783859695e-6,1.3311459942356054e-6
Less developed regions,100+,1990,5.0218510303762204e-6,1.67395034345874e-6
Less developed regions,100+,1995,6.120577117960134e-6,1.967328359344329e-6
Less developed regions,100+,2000,8.072432320727423e-6,2.6235405042364123e-6
Less developed regions,100+,2005,1.087630583646949e-5,3.562927774015868e-6
Less developed regions,100+,2010,1.4505273191091945e-5,5.0681075005020046e-6
Less developed regions,100+,2015,2.0577566565569843e-5,7.349130916274945e-6
Less developed regions,100+,2020,2.9287767496220958e-5,1.0427058585042017e-5
Less developed regions,100+,2025,4.085220007205633e-5,1.448659577023274e-5
Less developed regions,100+,2030,5.53530076097993e-5,1.9414860878063935e-5
Less developed regions,100+,2035,7.250497040652392e-5,2.4738537997144277e-5
Less developed regions,100+,2040,9.037478232633285e-5,3.058838786429727e-5
Less developed regions,100+,2045,1.0942624780690037e-4,3.708537272385475e-5
Less developed regions,100+,2050,1.4783941564401216e-4,5.026540131896413e-5
Less developed regions,100+,2055,2.1522032619525008e-4,7.530984126896392e-5
Less developed regions,100+,2060,2.71828014696497e-4,9.938887659503388e-5
Less developed regions,100+,2065,3.556141830109161e-4,1.3623964664249315e-4
Less developed regions,100+,2070,4.5974968628493466e-4,1.8305250978027288e-4
Less developed regions,100+,2075,5.394557414729114e-4,2.2491616566179814e-4
Less developed regions,100+,2080,5.928133709167181e-4,2.5594178994847754e-4
Less developed regions,100+,2085,6.950928945159716e-4,3.114664135384068e-4
Less developed regions,100+,2090,8.571530414350916e-4,3.996214728544336e-4
Less developed regions,100+,2095,9.198328897396377e-4,4.3847657439161504e-4
Less developed regions,100+,2100,9.892949933761467e-4,4.812533894099958e-4
