sex,year,age,pop,pcnt
Female,1950,0-4,166077,0.06547664809332483
Female,1950,5-9,131785,0.051956863797990166
Female,1950,10-14,127343,0.050205584145596706
Female,1950,15-19,117333,0.04625909397890185
Female,1950,20-24,109690,0.04324580483364223
Female,1950,25-29,98538,0.03884907572884892
Female,1950,30-34,84667,0.03338036792642891
Female,1950,35-39,83025,0.03273300160737667
Female,1950,40-44,74400,0.029332554285923802
Female,1950,45-49,64902,0.02558792255732563
Female,1950,50-54,55078,0.021714763776345583
Female,1950,55-59,46114,0.018180664090606053
Female,1950,60-64,39067,0.01540235078344335
Female,1950,65-69,30066,0.011853663671513241
Female,1950,70-74,20807,0.008203258831010975
Female,1950,75-79,12558,0.004951051300035364
Female,1950,80-84,5751,0.002267359135730481
Female,1950,85-89,2178,8.586868714347049e-4
Female,1950,90-94,631,2.4877475476368173e-4
Female,1950,95-99,139,5.480141190515334e-5
Female,1950,100+,25,9.85636904768945e-6
Female,1955,0-4,199236,0.07184794356195387
Female,1955,5-9,154926,0.05586899207110796
Female,1955,10-14,128616,0.04638115154472213
Female,1955,15-19,124828,0.045015133303979084
Female,1955,20-24,114283,0.041212424130632884
Female,1955,25-29,106315,0.03833902567703189
Female,1955,30-34,95222,0.03433869823654546
Female,1955,35-39,81378,0.029346312670324046
Female,1955,40-44,79460,0.028654648735333244
Female,1955,45-49,70485,0.025418108684998286
Female,1955,50-54,61386,0.022136852092463712
Female,1955,55-59,50850,0.01833738847459974
Female,1955,60-64,41066,0.014809109048139882
Female,1955,65-69,32639,0.011770187264945152
Female,1955,70-74,22949,0.008275805862410807
Female,1955,75-79,13811,0.004980485196119902
Female,1955,80-84,6843,0.0024677040183222424
Female,1955,85-89,2313,8.34107758933121e-4
Female,1955,90-94,620,2.235827109980696e-4
Female,1955,95-99,118,4.255283854479389e-5
Female,1955,100+,18,6.491110964460085e-6
Female,1960,0-4,212402,0.06998529136539886
Female,1960,5-9,187554,0.06179801196196843
Female,1960,10-14,151839,0.050030115797548035
Female,1960,15-19,126068,0.04153871296811284
Female,1960,20-24,122023,0.040205907704635856
Female,1960,25-29,111277,0.03666515977847425
Female,1960,30-34,103287,0.03403249870179166
Female,1960,35-39,92107,0.030348750161452307
Female,1960,40-44,77941,0.025681131036009795
Female,1960,45-49,75953,0.025026095964614928
Female,1960,50-54,66936,0.022055044033645343
Female,1960,55-59,57056,0.018799638346833823
Female,1960,60-64,45672,0.01504867292794087
Female,1960,65-69,34739,0.011446309529771805
Female,1960,70-74,25264,0.008324349116559339
Female,1960,75-79,15456,0.005092667033943205
Female,1960,80-84,7568,0.0024936143965374083
Female,1960,85-89,2829,9.321399481771047e-4
Female,1960,90-94,659,2.1713687728833932e-4
Female,1960,95-99,118,3.888035132021857e-5
Female,1960,100+,16,5.271912043419468e-6
Female,1965,0-4,234318,0.07016384979801371
Female,1965,5-9,200959,0.06017487812101092
Female,1965,10-14,183750,0.05502183955302204
Female,1965,15-19,149282,0.044700790487914206
Female,1965,20-24,123584,0.03700581779222136
Female,1965,25-29,119209,0.03569577399333989
Female,1965,30-34,108203,0.03240015295322799
Female,1965,35-39,100175,0.029996260012103308
Female,1965,40-44,88886,0.026615897853115196
Female,1965,45-49,74558,0.022325541841601182
Female,1965,50-54,72219,0.02162515499689632
Female,1965,55-59,62711,0.018778092953521442
Female,1965,60-64,51493,0.015418990933898034
Female,1965,65-69,39069,0.01169876598365724
Female,1965,70-74,27450,0.00821958909241064
Female,1965,75-79,17732,0.005309644946689452
Female,1965,80-84,9020,0.002700936015065354
Female,1965,85-89,3331,9.974299186455316e-4
Female,1965,90-94,870,2.60511566863288e-4
Female,1965,95-99,130,3.892701573819246e-5
Female,1965,100+,16,4.791017321623688e-6
Female,1970,0-4,256788,0.06939392866630148
Female,1970,5-9,224557,0.06068388102060323
Female,1970,10-14,198212,0.05356445546055481
Female,1970,15-19,181377,0.04901499524786113
Female,1970,20-24,146959,0.03971393664373335
Female,1970,25-29,121194,0.032751249243670816
Female,1970,30-34,116732,0.03154544636460701
Female,1970,35-39,105407,0.028484998671779213
Female,1970,40-44,97345,0.026306338247975444
Female,1970,45-49,85989,0.02323751317073461
Female,1970,50-54,71107,0.019215828176062353
Female,1970,55-59,68179,0.01842457070634052
Female,1970,60-64,57600,0.015565720715839391
Female,1970,65-69,45332,0.012250438393931098
Female,1970,70-74,31975,0.008640866664738968
Female,1970,75-79,19919,0.005382874842687584
Female,1970,80-84,10911,0.0029485690751827015
Female,1970,85-89,4191,0.001132568325001439
Female,1970,90-94,1075,2.905060723876275e-4
Female,1970,95-99,181,4.891311544387031e-5
Female,1970,100+,18,4.86428772369981e-6
Female,1975,0-4,266222,0.06525883948877773
Female,1975,5-9,247279,0.060615353238821244
Female,1975,10-14,221765,0.05436112169253027
Female,1975,15-19,195801,0.04799658191562744
Female,1975,20-24,178776,0.043823253857478824
Female,1975,25-29,144815,0.0354984142579026
Female,1975,30-34,119396,0.029267470004740802
Female,1975,35-39,114637,0.028100899183670067
Female,1975,40-44,103067,0.025264752009938527
Female,1975,45-49,94669,0.0232061552973199
Female,1975,50-54,83030,0.020353094194894544
Female,1975,55-59,67439,0.016531281698295715
Female,1975,60-64,63021,0.01544830000308863
Female,1975,65-69,51299,0.012574893160350417
Female,1975,70-74,37502,0.00919284280979086
Female,1975,75-79,23664,0.005800742153775557
Female,1975,80-84,12557,0.003078089892873549
Female,1975,85-89,5216,0.0012785949574921104
Female,1975,90-94,1403,3.439165501076363e-4
Female,1975,95-99,230,5.637976231272726e-5
Female,1975,100+,25,6.1282350339920945e-6
Female,1980,0-4,267434,0.059989641101632275
Female,1980,5-9,257559,0.057774523704896566
Female,1980,10-14,244682,0.05488601061955319
Female,1980,15-19,219851,0.049316027826809446
Female,1980,20-24,193518,0.043409122874076125
Female,1980,25-29,176264,0.03953878003222519
Female,1980,30-34,142803,0.03203295287149874
Female,1980,35-39,117340,0.026321202565363907
Female,1980,40-44,112453,0.025224971809126195
Female,1980,45-49,100568,0.02255897988404225
Female,1980,50-54,91656,0.020559878492679345
Female,1980,55-59,79362,0.017802141452125535
Female,1980,60-64,62858,0.014100035374583642
Female,1980,65-69,56731,0.012725653168021645
Female,1980,70-74,43172,0.00968415678499992
Female,1980,75-79,28507,0.006394567253543796
Female,1980,80-84,15067,0.0033797644371257713
Female,1980,85-89,6263,0.0014048891398233693
Female,1980,90-94,1861,4.1745149117216837e-4
Female,1980,95-99,331,7.424849198172366e-5
Female,1980,100+,35,7.851049001088604e-6
Female,1985,0-4,287731,0.059071133115605995
Female,1985,5-9,259929,0.05336338649504693
Female,1985,10-14,255382,0.052429888045882056
Female,1985,15-19,242940,0.04987554722676847
Female,1985,20-24,217743,0.04470260673334259
Female,1985,25-29,191406,0.039295624403090666
Female,1985,30-34,174443,0.03581312293109069
Female,1985,35-39,140971,0.028941326122107428
Female,1985,40-44,115393,0.023690166383216
Female,1985,45-49,109915,0.022565533767309857
Female,1985,50-54,97513,0.020019404942470873
Female,1985,55-59,87704,0.01800561864648268
Female,1985,60-64,74164,0.015225858584531396
Female,1985,65-69,56578,0.011615455301704564
Female,1985,70-74,48108,0.009876565514058524
Female,1985,75-79,33140,0.006803637256504105
Female,1985,80-84,18600,0.0038185773376878803
Female,1985,85-89,7701,0.0015810141977169014
Female,1985,90-94,2328,4.7793806678157985e-4
Female,1985,95-99,459,9.423263430100736e-5
Female,1985,100+,52,1.067559255697687e-5
Female,1990,0-4,312905,0.0587368494162544
Female,1990,5-9,280585,0.05266991225279155
Female,1990,10-14,258206,0.048469046325157424
Female,1990,15-19,253753,0.04763315303342165
Female,1990,20-24,240489,0.045143306049010415
Female,1990,25-29,215159,0.04038849421885837
Female,1990,30-34,189532,0.035577931140638626
Female,1990,35-39,172362,0.032354870772548984
Female,1990,40-44,139003,0.026092898098169125
Female,1990,45-49,112990,0.021209877168925344
Female,1990,50-54,106782,0.020044544684062183
Female,1990,55-59,93546,0.017559953709569785
Female,1990,60-64,82403,0.015468249476510798
Female,1990,65-69,67299,0.012633007554575686
Female,1990,70-74,48128,0.009034330191928834
Female,1990,75-79,37462,0.00703216584213011
Female,1990,80-84,22263,0.004179091029398928
Female,1990,85-89,9848,0.0018486137743125655
Female,1990,90-94,2955,5.546967610777448e-4
Female,1990,95-99,595,1.1169021077538347e-4
Female,1990,100+,74,1.3890883356938449e-5
Female,1995,0-4,300117,0.05224685300612164
Female,1995,5-9,306503,0.05335858077661479
Female,1995,10-14,279136,0.048594306756087696
Female,1995,15-19,256440,0.04464319910198301
Female,1995,20-24,250736,0.043650199539989123
Female,1995,25-29,237985,0.04143039985293022
Female,1995,30-34,213331,0.03713842734216634
Female,1995,35-39,187490,0.03263981204036341
Female,1995,40-44,170029,0.029600056543874077
Female,1995,45-49,136300,0.023728232871627997
Female,1995,50-54,110085,0.019164508552260952
Female,1995,55-59,102660,0.01787190305650279
Female,1995,60-64,88146,0.015345185727824808
Female,1995,65-69,75008,0.013058013875532449
Female,1995,70-74,57818,0.010065436303534759
Female,1995,75-79,37800,0.006580537069314294
Female,1995,80-84,25574,0.004452133730440311
Female,1995,85-89,12139,0.0021132576583176247
Female,1995,90-94,3906,6.799888304958104e-4
Female,1995,95-99,769,1.338738890556268e-4
Female,1995,100+,98,1.7060651661185208e-5
Female,2000,0-4,297524,0.048429095025194935
Female,2000,5-9,294721,0.04797284022438686
Female,2000,10-14,304908,0.04963101634134435
Female,2000,15-19,277325,0.0451412281962537
Female,2000,20-24,253615,0.041281862756667745
Female,2000,25-29,248521,0.04045269331131764
Female,2000,30-34,235956,0.0384074412342026
Female,2000,35-39,211272,0.03438953416921991
Female,2000,40-44,184962,0.030106956998595426
Female,2000,45-49,167017,0.02718598218571605
Female,2000,50-54,132979,0.021645489531450898
Female,2000,55-59,105959,0.017247343003504355
Female,2000,60-64,97027,0.015793447933644306
Female,2000,65-69,80659,0.01312916731301407
Female,2000,70-74,65038,0.010586478678186056
Female,2000,75-79,46157,0.007513147642132812
Female,2000,80-84,26132,0.004253603444422615
Female,2000,85-89,14206,0.002312363788897431
Female,2000,90-94,4927,8.019862303180094e-4
Female,2000,95-99,1033,1.6814527621646108e-4
Female,2000,100+,123,2.002117035297649e-5
Female,2005,0-4,302684,0.046268465754710365
Female,2005,5-9,293423,0.044852823496267985
Female,2005,10-14,293769,0.04490571327290345
Female,2005,15-19,302955,0.04630989098438727
Female,2005,20-24,274399,0.04194480294507397
Female,2005,25-29,251352,0.03842182409502306
Female,2005,30-34,246135,0.03762435020858597
Female,2005,35-39,233387,0.035675682946883835
Female,2005,40-44,208210,0.03182711096320996
Female,2005,45-49,181232,0.027703236991904655
Female,2005,50-54,163015,0.02491857496598469
Female,2005,55-59,128637,0.019663532361435282
Female,2005,60-64,100378,0.015343843928077852
Female,2005,65-69,88844,0.0135807494664782
Female,2005,70-74,70150,0.010723172921901825
Female,2005,75-79,52051,0.00795654844986332
Female,2005,80-84,32442,0.004959104432392573
Female,2005,85-89,14859,0.0022713560434289267
Female,2005,90-94,5981,9.142594047882368e-4
Female,2005,95-99,1350,2.0636184525399092e-4
Female,2005,100+,169,2.5833445813277382e-5
Female,2010,0-4,314831,0.045254983415566725
Female,2010,5-9,298887,0.04296313332590657
Female,2010,10-14,292350,0.04202348053889526
Female,2010,15-19,291785,0.0419422653293708
Female,2010,20-24,299587,0.0430637539394767
Female,2010,25-29,272497,0.03916973619431278
Female,2010,30-34,249103,0.03580699528879913
Female,2010,35-39,243873,0.03505521556169661
Female,2010,40-44,230557,0.033141124004125444
Female,2010,45-49,205214,0.029498226561685825
Female,2010,50-54,177498,0.025514225239243477
Female,2010,55-59,157643,0.022660193407193656
Female,2010,60-64,121964,0.017531560733524274
Female,2010,65-69,92683,0.013322600467885854
Female,2010,70-74,78080,0.011223510725079329
Female,2010,75-79,56919,0.008181749576854384
Female,2010,80-84,37766,0.005428625845842033
Female,2010,85-89,19277,0.002770947953987631
Female,2010,90-94,6608,9.498585921020006e-4
Female,2010,95-99,1760,2.5298897126203407e-4
Female,2010,100+,237,3.406726488017163e-5
Female,2015,0-4,324427,0.04396153712733367
Female,2015,5-9,311369,0.04219211056354976
Female,2015,10-14,297197,0.04027173123578551
Female,2015,15-19,290910,0.039419810206032906
Female,2015,20-24,290007,0.0392974490337939
Female,2015,25-29,297821,0.04035628646444236
Female,2015,30-34,270534,0.03665875677796881
Female,2015,35-39,247008,0.03347086205139657
Female,2015,40-44,241397,0.03271054251935556
Female,2015,45-49,227487,0.030825665547213256
Female,2015,50-54,201180,0.027260930931386686
Female,2015,55-59,172317,0.023349845090484937
Female,2015,60-64,150610,0.02040843427565438
Female,2015,65-69,113307,0.01535368476509907
Female,2015,70-74,82434,0.011170233524196887
Female,2015,75-79,64521,0.00874292934001392
Female,2015,80-84,41932,0.0056820029616010855
Female,2015,85-89,23211,0.003145210596721425
Female,2015,90-94,9010,0.0012209016189074163
Female,2015,95-99,2087,2.827992984084104e-4
Female,2015,100+,332,4.49877178110169e-5
Female,2020,0-4,328509,0.042144634884794994
Female,2020,5-9,321512,0.041246985169600243
Female,2020,10-14,309770,0.039740596294965874
Female,2020,15-19,295553,0.03791668804844255
Female,2020,20-24,289101,0.03708895674039103
Female,2020,25-29,288633,0.037028916713706575
Female,2020,30-34,296294,0.038011751424026276
Female,2020,35-39,268372,0.034429619746497664
Female,2020,40-44,244400,0.03135423615743829
Female,2020,45-49,238134,0.030550366911274184
Female,2020,50-54,223163,0.028629727510648125
Female,2020,55-59,195634,0.025098014060655822
Female,2020,60-64,164961,0.02116295479037307
Female,2020,65-69,140704,0.018051008364550727
Female,2020,70-74,101491,0.013020346897931955
Female,2020,75-79,69027,0.008855519063991379
Female,2020,80-84,48282,0.006194129419613076
Female,2020,85-89,26429,0.0033905937291527685
Female,2020,90-94,11352,0.0014563555190639913
Female,2020,95-99,3056,3.920562426232873e-4
Female,2020,100+,449,5.760250423359162e-5
Female,2025,0-4,328585,0.04014754836467026
Female,2025,5-9,326047,0.039837447545249
Female,2025,10-14,320151,0.039117055728342884
Female,2025,15-19,308395,0.037680670687713934
Female,2025,20-24,293913,0.03591121439659549
Female,2025,25-29,287604,0.035140360941225635
Female,2025,30-34,287064,0.035074382043476425
Female,2025,35-39,294189,0.03594493694433397
Female,2025,40-44,265692,0.03246308389033574
Female,2025,45-49,241193,0.029469719045969574
Female,2025,50-54,233824,0.02856935145798091
Female,2025,55-59,217306,0.026551130285719173
Female,2025,60-64,187708,0.022934753590198958
Female,2025,65-69,154435,0.01886935384055222
Female,2025,70-74,126641,0.015473395536771933
Female,2025,75-79,85774,0.01048013699174103
Female,2025,80-84,52388,0.006400930546824552
Female,2025,85-89,30832,0.0037671506951915436
Female,2025,90-94,13178,0.0016101294713685185
Female,2025,95-99,3927,4.7981320640948336e-4
Female,2025,100+,670,8.186270646660399e-5
Female,2030,0-4,329569,0.03855290866710199
Female,2030,5-9,326298,0.03817026781116563
Female,2030,10-14,324902,0.038006964040182084
Female,2030,15-19,319007,0.03731736824509042
Female,2030,20-24,306985,0.03591103734626225
Female,2030,25-29,292505,0.03421717015153326
Female,2030,30-34,286057,0.03346288453885284
Female,2030,35-39,285015,0.033340991609508396
Female,2030,40-44,291422,0.03409048105126452
Female,2030,45-49,262344,0.03068894304792685
Female,2030,50-54,236909,0.027713562378180182
Female,2030,55-59,227924,0.026662499067086266
Female,2030,60-64,209026,0.024451815210319115
Female,2030,65-69,176357,0.020630202821879804
Female,2030,70-74,139651,0.016336343067064742
Female,2030,75-79,107622,0.012589597736955994
Female,2030,80-84,66046,0.0077260464601568045
Female,2030,85-89,34154,0.003995327359721944
Female,2030,90-94,15650,0.001830733535739545
Female,2030,95-99,4701,5.499219393937125e-4
Female,2030,100+,904,1.0574971989192005e-4
Female,2035,0-4,332059,0.03736237449260334
Female,2035,5-9,327450,0.0368437823627818
Female,2035,10-14,325198,0.036590393454915
Female,2035,15-19,323890,0.03644322085656253
Female,2035,20-24,317763,0.03575382750021266
Female,2035,25-29,305717,0.03439844438113472
Female,2035,30-34,291049,0.032748040961689664
Female,2035,35-39,284093,0.03196537078268368
Female,2035,40-44,282378,0.031772403652580855
Female,2035,45-49,287982,0.03240295047304514
Female,2035,50-54,257875,0.029015392813566524
Female,2035,55-59,231033,0.025995204063583962
Female,2035,60-64,219577,0.024706206137952484
Female,2035,65-69,197079,0.022174792439379067
Female,2035,70-74,160306,0.018037194611232554
Female,2035,75-79,119553,0.01345177802051505
Female,2035,80-84,83473,0.009392154665348864
Female,2035,85-89,43960,0.00494625949814594
Female,2035,90-94,17853,0.002008770946778878
Female,2035,95-99,5724,6.440488937076288e-4
Female,2035,100+,1140,1.282696958117919e-4
Female,2040,0-4,334481,0.03636117953452655
Female,2040,5-9,330143,0.03588959879654509
Female,2040,10-14,326445,0.03548759198025753
Female,2040,15-19,324243,0.03524821420592946
Female,2040,20-24,322712,0.035081780340127336
Female,2040,25-29,316541,0.03441093554204445
Female,2040,30-34,304284,0.033078486232353634
Female,2040,35-39,289133,0.031431432345503225
Female,2040,40-44,281547,0.03060676395492523
Female,2040,45-49,279100,0.030340752413698713
Female,2040,50-54,283393,0.03080744123531107
Female,2040,55-59,251746,0.027367119516800417
Female,2040,60-64,222746,0.024214551190045626
Female,2040,65-69,207487,0.022555756703909368
Female,2040,70-74,179964,0.01956375194331378
Female,2040,75-79,138204,0.015024053552786876
Female,2040,80-84,93663,0.010182034730649454
Female,2040,85-89,55984,0.0060859788001738045
Female,2040,90-94,23556,0.0025607551553460655
Female,2040,95-99,6751,7.338961646179864e-4
Female,2040,100+,1426,1.5501939427421845e-4
Female,2045,0-4,336597,0.03549926480219688
Female,2045,5-9,332739,0.03509238011930643
Female,2045,10-14,329212,0.03472040441257896
Female,2045,15-19,325552,0.034334401836275424
Female,2045,20-24,323133,0.034079281554286835
Female,2045,25-29,321547,0.033912013771221966
Female,2045,30-34,315142,0.03323650926269078
Female,2045,35-39,302386,0.03189119536560667
Female,2045,40-44,286636,0.03023011870528408
Female,2045,45-49,278366,0.029357921627133746
Female,2045,50-54,274712,0.028972551841938907
Female,2045,55-59,277061,0.02922028956099273
Female,2045,60-64,243080,0.02563647711690246
Female,2045,65-69,210753,0.02222710408844226
Female,2045,70-74,190098,0.02004872069676207
Female,2045,75-79,156110,0.016464169996378324
Female,2045,80-84,109335,0.011531035978182206
Female,2045,85-89,63696,0.006717710409898878
Female,2045,90-94,30295,0.003195067772982393
Female,2045,95-99,9160,9.660610926066585e-4
Female,2045,100+,1744,1.8393128226048172e-4
Female,2050,0-4,336974,0.03461458259502025
Female,2050,5-9,335017,0.03441355599315051
Female,2050,10-14,331879,0.03409121492178247
Female,2050,15-19,328376,0.033731380386090234
Female,2050,20-24,324504,0.03333364149879353
Female,2050,25-29,322028,0.03307930227230938
Female,2050,30-34,320204,0.032891937672508455
Female,2050,35-39,313285,0.03218120539946975
Female,2050,40-44,299907,0.030806992890622834
Female,2050,45-49,283501,0.02912173871061517
Female,2050,50-54,274099,0.02815594815835185
Female,2050,55-59,268664,0.027597655066291527
Female,2050,60-64,268064,0.02753602197425175
Female,2050,65-69,230489,0.023676249585260652
Female,2050,70-74,193488,0.01987543952098761
Female,2050,75-79,165721,0.017023162743206748
Female,2050,80-84,124555,0.01279451629835758
Female,2050,85-89,75349,0.0077399864201753875
Female,2050,90-94,35090,0.00360450866612635
Female,2050,95-99,11981,0.0012307101262143004
Female,2050,100+,2380,2.4447793175778605e-4
Female,2055,0-4,335973,0.033738661618314576
Female,2055,5-9,335545,0.03369568153606797
Female,2055,10-14,334223,0.03356292530071748
Female,2055,15-19,331097,0.0332490100271126
Female,2055,20-24,327391,0.032876850716818395
Female,2055,25-29,323463,0.03248239799937759
Female,2055,30-34,320754,0.03221035817973728
Female,2055,35-39,318417,0.031975674880180466
Female,2055,40-44,310843,0.03121508809762022
Female,2055,45-49,296767,0.029801565579622057
Female,2055,50-54,279286,0.028046110397956396
Female,2055,55-59,268218,0.026934653504719425
Female,2055,60-64,260096,0.026119036149563055
Female,2055,65-69,254900,0.025597249917429035
Female,2055,70-74,212243,0.021313601860435037
Female,2055,75-79,169203,0.0169914926550755
Female,2055,80-84,133169,0.013372931244621841
Female,2055,85-89,86816,0.008718128084862766
Female,2055,90-94,42244,0.004242174286041084
Female,2055,95-99,14188,0.0014247696423243749
Female,2055,100+,3210,3.2235061684953787e-4
Female,2060,0-4,333828,0.03288471495342938
Female,2060,5-9,334676,0.03296824970270298
Female,2060,10-14,334813,0.0329817452930927
Female,2060,15-19,333492,0.032851616279188894
Female,2060,20-24,330174,0.03252476687106411
Female,2060,25-29,326411,0.0321540814211625
Female,2060,30-34,322252,0.031744386819477464
Female,2060,35-39,319040,0.03142797925501189
Female,2060,40-44,316046,0.031133046425619003
Female,2060,45-49,307738,0.03031464230183942
Female,2060,50-54,292547,0.02881820789592516
Female,2060,55-59,273482,0.026940153656654843
Female,2060,60-64,259893,0.025601529001137175
Female,2060,65-69,247566,0.02438722138993942
Female,2060,70-74,235635,0.023211922930525094
Female,2060,75-79,186375,0.01835942086776843
Female,2060,80-84,136590,0.013455202126511013
Female,2060,85-89,93812,0.009241228654310353
Female,2060,90-94,49427,0.004868952891917856
Female,2060,95-99,17486,0.0017225101719318514
Female,2060,100+,3963,3.903870417114221e-4
Female,2065,0-4,331596,0.032137987996181
Female,2065,5-9,332653,0.03224043149161509
Female,2065,10-14,334002,0.0323711753661095
Female,2065,15-19,334131,0.032383677930831356
Female,2065,20-24,332629,0.032238105433062186
Female,2065,25-29,329258,0.03191139112548572
Female,2065,30-34,325260,0.03152390853821467
Female,2065,35-39,320607,0.031072943936270647
Female,2065,40-44,316752,0.030699320781210643
Female,2065,45-49,313022,0.030337812514447005
Female,2065,50-54,303572,0.02942192695924154
Female,2065,55-59,286738,0.027790390722592997
Female,2065,60-64,265268,0.025709537508808736
Female,2065,65-69,247693,0.024006184214339317
Female,2065,70-74,229218,0.022215603724136047
Female,2065,75-79,208036,0.02016266321298662
Female,2065,80-84,151310,0.0146648299849882
Female,2065,85-89,96902,0.00939165524555764
Female,2065,90-94,54242,0.005257086167772982
Female,2065,95-99,20932,0.0020287107345566915
Female,2065,100+,5004,4.849832082802257e-4
Female,2070,0-4,329027,0.03145801579120169
Female,2070,5-9,330528,0.031601525234811474
Female,2070,10-14,332031,0.031745225896867096
Female,2070,15-19,333365,0.03187276860024847
Female,2070,20-24,333327,0.03186913544977733
Female,2070,25-29,331775,0.031720749935798404
Female,2070,30-34,328170,0.03137607868715534
Female,2070,35-39,323682,0.030946984494669882
Female,2070,40-44,318393,0.030441307314621843
Female,2070,45-49,313823,0.03000437316585657
Female,2070,50-54,308965,0.029539903560889022
Female,2070,55-59,297841,0.02847634656507613
Female,2070,60-64,278509,0.02662802906749839
Female,2070,65-69,253189,0.02420720354304834
Female,2070,70-74,229754,0.021966601403811098
Female,2070,75-79,202887,0.01939786841149674
Female,2070,80-84,170156,0.01626848293595272
Female,2070,85-89,108207,0.010345587184998683
Female,2070,90-94,56617,0.005413107374320243
Female,2070,95-99,23498,0.002246625520281489
Female,2070,100+,6213,5.940201020303383e-4
Female,2075,0-4,326366,0.030855360169389372
Female,2075,5-9,328052,0.031014758321297322
Female,2075,10-14,329953,0.031194483046550595
Female,2075,15-19,331436,0.0313346891315325
Female,2075,20-24,332615,0.03144615438722614
Female,2075,25-29,332533,0.031438401926694434
Female,2075,30-34,330750,0.03126983318123069
Female,2075,35-39,326661,0.030883250118863184
Female,2075,40-44,321544,0.030399477673244565
Female,2075,45-49,315554,0.02983316988562379
Female,2075,50-54,309897,0.02929834465113786
Female,2075,55-59,303383,0.028682496749875466
Female,2075,60-64,289711,0.027389915769516323
Female,2075,65-69,266358,0.025182071735408144
Female,2075,70-74,235337,0.022249278099384085
Female,2075,75-79,203903,0.01927743853409669
Female,2075,80-84,166626,0.015753188884824625
Female,2075,85-89,122915,0.011620654710418654
Female,2075,90-94,63931,0.006044177490882114
Female,2075,95-99,24920,0.002355991664025
Female,2075,100+,7282,6.88456312095909e-4
Female,2080,0-4,323319,0.03029058704823256
Female,2080,5-9,325476,0.03049266857224766
Female,2080,10-14,327520,0.03068416353519938
Female,2080,15-19,329396,0.030859919186127672
Female,2080,20-24,330738,0.03098564630955292
Female,2080,25-29,331881,0.031092729843140893
Female,2080,30-34,331576,0.031064155496907882
Female,2080,35-39,329314,0.03085223690287814
Female,2080,40-44,324603,0.030410880361554482
Female,2080,45-49,318794,0.029866656173791983
Female,2080,50-54,311753,0.02920701036452434
Female,2080,55-59,304504,0.028527877787989594
Female,2080,60-64,295463,0.02768085921653827
Female,2080,65-69,277658,0.02601277320119806
Female,2080,70-74,248293,0.023261672620436186
Female,2080,75-79,209481,0.019625516797499697
Female,2080,80-84,168139,0.015752334430400857
Female,2080,85-89,121220,0.011356663115952823
Female,2080,90-94,73643,0.0068993461627463604
Female,2080,95-99,28622,0.0026814915996106396
Female,2080,100+,8024,7.517395218809228e-4
Female,2085,0-4,319308,0.029701235198123576
Female,2085,5-9,322502,0.029998333126214343
Female,2085,10-14,324981,0.030228923534397503
Female,2085,15-19,326998,0.03041653985279421
Female,2085,20-24,328746,0.030579134460903996
Female,2085,25-29,330061,0.030701452487027776
Female,2085,30-34,330987,0.030787586701621406
Female,2085,35-39,330216,0.030715870201133623
Female,2085,40-44,327339,0.030448258823827068
Female,2085,45-49,321947,0.029946708407964383
Female,2085,50-54,315112,0.029310933724651798
Female,2085,55-59,306532,0.028512843485760508
Female,2085,60-64,296846,0.027611875880410735
Female,2085,65-69,283663,0.026385626041331028
Female,2085,70-74,259602,0.024147531724552085
Female,2085,75-79,221913,0.0206417947765831
Female,2085,80-84,173466,0.016135375452158117
Female,2085,85-89,123098,0.011450269490331016
Female,2085,90-94,73467,0.006833717433639448
Female,2085,95-99,33631,0.003128271890926923
Female,2085,100+,9300,8.650628463506998e-4
Female,2090,0-4,314698,0.029112044618400373
Female,2090,5-9,318561,0.02946940255636274
Female,2090,10-14,322043,0.029791514992289467
Female,2090,15-19,324491,0.03001797428095938
Female,2090,20-24,326393,0.030193924267499485
Female,2090,25-29,328125,0.030354147914548622
Female,2090,30-34,329233,0.030456646644877978
Female,2090,35-39,329704,0.03050021785605589
Female,2090,40-44,328331,0.0303732045376965
Female,2090,45-49,324785,0.030045171597490816
Female,2090,50-54,318395,0.029454046248389206
Female,2090,55-59,310061,0.02868308558181443
Female,2090,60-64,299121,0.02767104938163108
Female,2090,65-69,285405,0.02640221130834819
Female,2090,70-74,265890,0.024596920042664634
Female,2090,75-79,233025,0.021556648587543446
Female,2090,80-84,184863,0.017101284101873376
Female,2090,85-89,127838,0.011826022281447822
Female,2090,90-94,75400,0.006975094103640277
Female,2090,95-99,34160,0.0031600691588906083
Female,2090,100+,11158,0.0010322029178835308
Female,2095,0-4,309658,0.028535018746557617
Female,2095,5-9,314011,0.028936148175165197
Female,2095,10-14,318134,0.029316083078484524
Female,2095,15-19,321584,0.029634000957808243
Female,2095,20-24,323931,0.02985027726585832
Female,2095,25-29,325826,0.030024901724211493
Female,2095,30-34,327359,0.030166167842763162
Female,2095,35-39,328028,0.03022781626631898
Female,2095,40-44,327912,0.030217126853564907
Female,2095,45-49,325888,0.030030615031028326
Female,2095,50-54,321372,0.029614465134499075
Female,2095,55-59,313529,0.028891731822169822
Female,2095,60-64,302892,0.027911531102643335
Female,2095,65-69,288012,0.02654033746660365
Female,2095,70-74,268083,0.024703877925431945
Female,2095,75-79,239546,0.022074190237820084
Female,2095,80-84,195336,0.01800023387697905
Female,2095,85-89,137450,0.012666032612476811
Female,2095,90-94,79098,0.007288889396738384
Female,2095,95-99,35673,0.003287270872207241
Female,2095,100+,12001,0.0011058934694967932
Female,2100,0-4,304536,0.02800228552555042
Female,2100,5-9,309027,0.028415235929756318
Female,2100,10-14,313614,0.028837013597111574
Female,2100,15-19,317704,0.029213091787537337
Female,2100,20-24,321065,0.02952213794842267
Female,2100,25-29,323415,0.029738221994266324
Female,2100,30-34,325123,0.02989527371779865
Female,2100,35-39,326229,0.029996971145331876
Female,2100,40-44,326331,0.030006350112428068
Female,2100,45-49,325583,0.029937571020389322
Female,2100,50-54,322627,0.029665764875915344
Female,2100,55-59,316701,0.02912086527775811
Female,2100,60-64,306623,0.028194186548391148
Female,2100,65-69,292105,0.026859246898366385
Female,2100,70-74,271104,0.024928191133786554
Female,2100,75-79,242263,0.022276242212009162
Female,2100,80-84,201885,0.01856345855112613
Female,2100,85-89,146603,0.013480242286305292
Female,2100,90-94,86166,0.0079230203804955
Female,2100,95-99,38010,0.0034950445031988716
Female,2100,100+,12878,0.0011841405712232325
Male,1950,0-4,172420,0.0679774060481046
Male,1950,5-9,138298,0.05452464506229422
Male,1950,10-14,133685,0.05270594784561457
Male,1950,15-19,122155,0.04816019044082019
Male,1950,20-24,113207,0.04463239883127118
Male,1950,25-29,97626,0.03848951538598921
Male,1950,30-34,84569,0.033341730959761964
Male,1950,35-39,81447,0.032110867593086505
Male,1950,40-44,73163,0.02884486114544413
Male,1950,45-49,63548,0.025054101609702766
Male,1950,50-54,52644,0.02075514768586254
Male,1950,55-59,42560,0.01677948266678652
Male,1950,60-64,34381,0.013554872969144439
Male,1950,65-69,25077,0.009886726664356334
Male,1950,70-74,16577,0.006535561188141921
Male,1950,75-79,9344,0.003683916495264409
Male,1950,80-84,3876,0.0015281314571537724
Male,1950,85-89,1296,5.10954171432221e-4
Male,1950,90-94,317,1.2497875952470223e-4
Male,1950,95-99,58,2.2866776190639524e-5
Male,1950,100+,9,3.548292857168202e-6
Male,1955,0-4,207941,0.07498711694782192
Male,1955,5-9,161088,0.05809111572460813
Male,1955,10-14,134817,0.04861733927197863
Male,1955,15-19,130543,0.04707606103519516
Male,1955,20-24,118354,0.04268049706042828
Male,1955,25-29,109514,0.03949264034232677
Male,1955,30-34,94211,0.03397411417070829
Male,1955,35-39,81154,0.0292655344005441
Male,1955,40-44,77551,0.027966230355824673
Male,1955,45-49,68433,0.024678122035049835
Male,1955,50-54,58722,0.02117616766972362
Male,1955,55-59,46808,0.01687977344580265
Male,1955,60-64,36007,0.012984746249850795
Male,1955,65-69,26899,0.009700244101833991
Male,1955,70-74,17544,0.0063266694866937635
Male,1955,75-79,9943,0.0035856175733125907
Male,1955,80-84,4467,0.0016108773710135113
Male,1955,85-89,1314,4.7385110040558626e-4
Male,1955,90-94,297,1.0710333091359142e-4
Male,1955,95-99,48,1.730962923856023e-5
Male,1955,100+,6,2.1637036548200287e-6
Male,1960,0-4,221606,0.07301795876837591
Male,1960,5-9,196203,0.06464780991593937
Male,1960,10-14,158035,0.052071663736362225
Male,1960,15-19,131917,0.04346592631448537
Male,1960,20-24,126961,0.04183295155903619
Male,1960,25-29,115443,0.0380378338767796
Male,1960,30-34,106321,0.035032185023025075
Male,1960,35-39,90924,0.029958958164741978
Male,1960,40-44,77485,0.02553088154277234
Male,1960,45-49,73199,0.02411866810414135
Male,1960,50-54,63488,0.02091894698828845
Male,1960,55-59,52411,0.017269136381728608
Male,1960,60-64,39688,0.013076977823701989
Male,1960,65-69,28289,0.009321069987268333
Male,1960,70-74,18949,0.006243591331922219
Male,1960,75-79,10560,0.0034794619486568485
Male,1960,80-84,4791,0.0015786081625014168
Male,1960,85-89,1558,5.133524352279706e-4
Male,1960,90-94,309,1.0181380133853846e-4
Male,1960,95-99,46,1.515674712483097e-5
Male,1960,100+,5,1.6474725135685836e-6
Male,1965,0-4,244985,0.0733579611586237
Male,1965,5-9,210104,0.06291324395890145
Male,1965,10-14,192262,0.05757066076812584
Male,1965,15-19,155046,0.046426754478029145
Male,1965,20-24,128692,0.03853535007214973
Male,1965,25-29,123992,0.03712798873392277
Male,1965,30-34,112472,0.03367845626235371
Male,1965,35-39,103171,0.030893378005577343
Male,1965,40-44,87400,0.026170932119369394
Male,1965,45-49,73243,0.021931780105480234
Male,1965,50-54,67940,0.020343857301944584
Male,1965,55-59,57213,0.017131779626378504
Male,1965,60-64,44788,0.013411255237555108
Male,1965,65-69,31640,0.009474236753510843
Male,1965,70-74,20285,0.006074111648071032
Male,1965,75-79,11822,0.0035399629235147024
Male,1965,80-84,5345,0.0016004992240049132
Male,1965,85-89,1775,5.315034841176278e-4
Male,1965,90-94,389,1.1648160863197591e-4
Male,1965,95-99,49,1.4672490547472544e-5
Male,1965,100+,5,1.4971929130074025e-6
Male,1970,0-4,267293,0.07223278102949407
Male,1970,5-9,234848,0.06346490240752516
Male,1970,10-14,207446,0.05605983506281282
Male,1970,15-19,189471,0.051202303294284816
Male,1970,20-24,151512,0.040944331199622534
Male,1970,25-29,126114,0.0340808212214821
Male,1970,30-34,121401,0.032807188552493365
Male,1970,35-39,109517,0.029595677702024002
Male,1970,40-44,100025,0.02703057664239297
Male,1970,45-49,83743,0.02263055815809962
Male,1970,50-54,68801,0.018592658871015032
Male,1970,55-59,62367,0.016853946247999223
Male,1970,60-64,50239,0.013576497275053041
Male,1970,65-69,36906,0.009973411262825842
Male,1970,70-74,23612,0.006380864540666662
Male,1970,75-79,13196,0.003566063377885705
Male,1970,80-84,6289,0.001699528083019339
Male,1970,85-89,2078,5.615549938804558e-4
Male,1970,90-94,462,1.2485005157496178e-4
Male,1970,95-99,65,1.7565483446693758e-5
Male,1970,100+,6,1.6214292412332698e-6
Male,1975,0-4,278289,0.06821681597498504
Male,1975,5-9,257638,0.0631546487075062
Male,1975,10-14,231925,0.05685163641034466
Male,1975,15-19,204456,0.0501181768843955
Male,1975,20-24,186013,0.04559725533511885
Male,1975,25-29,149374,0.0366159591987014
Male,1975,30-34,124116,0.03042448077915851
Male,1975,35-39,118938,0.029155200738918068
Male,1975,40-44,106715,0.026158984066098654
Male,1975,45-49,96390,0.02362802299705992
Male,1975,50-54,79382,0.019458862138734417
Male,1975,55-59,63469,0.015558117974897768
Male,1975,60-64,55305,0.013556881542197311
Male,1975,65-69,41842,0.010256704411691887
Male,1975,70-74,27950,0.006851366768003161
Male,1975,75-79,15554,0.0038127427087485213
Male,1975,80-84,7160,0.0017551265137353358
Male,1975,85-89,2499,6.125783739978497e-4
Male,1975,90-94,563,1.3800785296550196e-4
Male,1975,95-99,80,1.96103521087747e-5
Male,1975,100+,7,1.7159058095177863e-6
Male,1980,0-4,280164,0.06284517978117107
Male,1980,5-9,269790,0.060518128857248416
Male,1980,10-14,255354,0.05727990761782798
Male,1980,15-19,229894,0.051568830258750385
Male,1980,20-24,201553,0.045211499409040325
Male,1980,25-29,183132,0.04107938016192452
Male,1980,30-34,147062,0.03298831337708835
Male,1980,35-39,121215,0.02719042584762729
Male,1980,40-44,115890,0.025995944821033096
Male,1980,45-49,102792,0.023057857969139995
Male,1980,50-54,91594,0.02054597092016313
Male,1980,55-59,73800,0.016554497608009686
Male,1980,60-64,56883,0.012759749152254944
Male,1980,65-69,46984,0.010539248179061341
Male,1980,70-74,32352,0.0072570610652348145
Male,1980,75-79,19060,0.0042754569703071085
Male,1980,80-84,8430,0.0018909812308336266
Male,1980,85-89,2917,6.543288553192988e-4
Male,1980,90-94,707,1.585911898219898e-4
Male,1980,95-99,105,2.3553147003265812e-5
Male,1980,100+,10,2.243156857453887e-6
Male,1985,0-4,302397,0.062082060816387195
Male,1985,5-9,272585,0.055961661483529615
Male,1985,10-14,267330,0.054882810735704356
Male,1985,15-19,253189,0.05197966545977724
Male,1985,20-24,226726,0.04654681534756034
Male,1985,25-29,198800,0.04081361154475003
Male,1985,30-34,180677,0.03709296223878673
Male,1985,35-39,144556,0.029677326108968238
Male,1985,40-44,118502,0.024328443638209095
Male,1985,45-49,112019,0.02299748466615369
Male,1985,50-54,97976,0.020114458776199343
Male,1985,55-59,85313,0.017514746688718608
Male,1985,60-64,66377,0.013627188599124108
Male,1985,65-69,48430,0.009942672067969035
Male,1985,70-74,36661,0.007526498052525558
Male,1985,75-79,22089,0.004534868538289655
Male,1985,80-84,10596,0.002175357283340902
Male,1985,85-89,3492,7.169071001723698e-4
Male,1985,90-94,856,1.7573667747638845e-4
Male,1985,95-99,139,2.853668010422663e-5
Male,1985,100+,14,2.874197996109157e-6
Male,1990,0-4,330649,0.06206765798768029
Male,1990,5-9,295189,0.05541129685474735
Male,1990,10-14,270567,0.05078938698968602
Male,1990,15-19,265117,0.0497663422019115
Male,1990,20-24,249684,0.04686934216343
Male,1990,25-29,223348,0.041925689405479576
Male,1990,30-34,196062,0.03680370773956846
Male,1990,35-39,177771,0.0333702192600852
Male,1990,40-44,141552,0.026571382715423666
Male,1990,45-49,114928,0.021573668141165164
Male,1990,50-54,107209,0.020124698835324518
Male,1990,55-59,91899,0.017250787697557925
Male,1990,60-64,77332,0.014516348537280597
Male,1990,65-69,57131,0.01072432509547636
Male,1990,70-74,38412,0.007210494750090807
Male,1990,75-79,25605,0.004806433356140662
Male,1990,80-84,12637,0.002372149905157178
Male,1990,85-89,4569,8.5766818997097e-4
Male,1990,90-94,1044,1.9597408411680731e-4
Male,1990,95-99,172,3.2286918072883966e-5
Male,1990,100+,19,3.566578159213926e-6
Male,1995,0-4,319725,0.05566037604461674
Male,1995,5-9,323930,0.056392417271507386
Male,1995,10-14,293461,0.0510881213994191
Male,1995,15-19,267996,0.0466549632917448
Male,1995,20-24,260565,0.0453613132662931
Male,1995,25-29,245657,0.04276600515440586
Male,1995,30-34,220512,0.0383885552970538
Male,1995,35-39,193013,0.03360130162326878
Male,1995,40-44,174145,0.030316603913643856
Male,1995,45-49,137312,0.023904410213272075
Male,1995,50-54,110195,0.019183658263309224
Male,1995,55-59,100513,0.017498135514497026
Male,1995,60-64,83549,0.014544901894289418
Male,1995,65-69,66624,0.011598457717089828
Male,1995,70-74,45521,0.00792467269662053
Male,1995,75-79,27114,0.004720229685116079
Male,1995,80-84,15020,0.0026148059995000183
Male,1995,85-89,5638,9.815097353649204e-4
Male,1995,90-94,1419,2.470312725226715e-4
Male,1995,95-99,210,3.65585392739683e-5
Male,1995,100+,23,4.0040304919108136e-6
Male,2000,0-4,318141,0.05178500127858775
Male,2000,5-9,314049,0.05111893112343019
Male,2000,10-14,321975,0.05240907580812687
Male,2000,15-19,290820,0.04733785985408636
Male,2000,20-24,263671,0.042918715513330596
Male,2000,25-29,256835,0.041805994208184684
Male,2000,30-34,242159,0.03941712676021491
Male,2000,35-39,216840,0.03529585836861319
Male,2000,40-44,188816,0.030734287002988688
Male,2000,45-49,169181,0.02753822456493427
Male,2000,50-54,131807,0.021454718704998148
Male,2000,55-59,103555,0.016856034926036424
Male,2000,60-64,91650,0.014918213519108091
Male,2000,65-69,72561,0.011811025544571764
Male,2000,70-74,53447,0.00869976822646776
Male,2000,75-79,32633,0.00531179554576164
Male,2000,80-84,16226,0.002641166749165825
Male,2000,85-89,6934,0.0011286731319312111
Male,2000,90-94,1814,2.952715692707264e-4
Male,2000,95-99,295,4.8018254098602145e-5
Male,2000,100+,27,4.3948910530924e-6
Male,2005,0-4,324554,0.04961152764782502
Male,2005,5-9,313763,0.04796200863142811
Male,2005,10-14,312860,0.04782397548604711
Male,2005,15-19,319208,0.048794334740619213
Male,2005,20-24,286149,0.043740915301914256
Male,2005,25-29,259966,0.039738565528369636
Male,2005,30-34,253568,0.03876056324249183
Male,2005,35-39,238602,0.036472851112068695
Male,2005,40-44,212536,0.03248838603177942
Male,2005,45-49,183226,0.028008041080376106
Male,2005,50-54,162554,0.024848106217346105
Male,2005,55-59,125074,0.01911888995059086
Male,2005,60-64,95399,0.01458275087065591
Male,2005,65-69,80279,0.012271498203811213
Male,2005,70-74,59155,0.009042470337777653
Male,2005,75-79,38818,0.005933743784495867
Male,2005,80-84,20194,0.003086867483747476
Male,2005,85-89,7806,0.0011932300474464096
Male,2005,90-94,2341,3.5784672573303166e-4
Male,2005,95-99,394,6.0227086688942535e-5
Male,2005,100+,39,5.961564418448627e-6
Male,2010,0-4,337184,0.04846808709432823
Male,2010,5-9,320668,0.046094015589007914
Male,2010,10-14,312621,0.04493730976415247
Male,2010,15-19,310243,0.04459548716548138
Male,2010,20-24,314102,0.045150194233720124
Male,2010,25-29,282854,0.04065849004394965
Male,2010,30-34,257046,0.03694875176535273
Male,2010,35-39,250592,0.03602102970823615
Male,2010,40-44,234516,0.03371020544573135
Male,2010,45-49,207729,0.029859742051869927
Male,2010,50-54,177092,0.025455865283372802
Male,2010,55-59,154422,0.0221971948410374
Male,2010,60-64,115278,0.016570490130195886
Male,2010,65-69,84638,0.012166182130497749
Male,2010,70-74,66381,0.00954185278485516
Male,2010,75-79,43806,0.006296837997218559
Male,2010,80-84,24923,0.0035825250742975425
Male,2010,85-89,10217,0.001468629726922842
Male,2010,90-94,2792,4.013325044111358e-4
Male,2010,95-99,545,7.834033485102759e-5
Male,2010,100+,57,8.193392819281785e-6
Male,2015,0-4,346247,0.046918260026840866
Male,2015,5-9,333336,0.045168752723654
Male,2015,10-14,318749,0.04319213874862598
Male,2015,15-19,310735,0.04210620028315161
Male,2015,20-24,307555,0.041675293829419584
Male,2015,25-29,311265,0.042178018025440286
Male,2015,30-34,279880,0.03792518813538376
Male,2015,35-39,253472,0.034346767496970104
Male,2015,40-44,246335,0.03337966706920737
Male,2015,45-49,229289,0.031069845870994737
Male,2015,50-54,201053,0.027243721774272228
Male,2015,55-59,168628,0.022849966503120954
Male,2015,60-64,143439,0.019436726671971244
Male,2015,65-69,102858,0.013937791200619205
Male,2015,70-74,70994,0.00962005433215462
Male,2015,75-79,50198,0.0068020887309561025
Male,2015,80-84,28822,0.003905530128762437
Male,2015,85-89,13141,0.0017806734932366657
Male,2015,90-94,3911,5.299607360207442e-4
Male,2015,95-99,703,9.526013741308698e-5
Male,2015,100+,84,1.1382434626883793e-5
Male,2020,0-4,349433,0.04482898855647355
Male,2020,5-9,342927,0.04399432955303536
Male,2020,10-14,331497,0.04252796736285729
Male,2020,15-19,316643,0.04062233796890234
Male,2020,20-24,308287,0.03955034125314312
Male,2020,25-29,306060,0.03926463796377072
Male,2020,30-34,309237,0.03967221737568635
Male,2020,35-39,276447,0.03546556678811515
Male,2020,40-44,249389,0.031994278236773234
Male,2020,45-49,241233,0.03094793965207574
Male,2020,50-54,222610,0.02855878277826243
Male,2020,55-59,192215,0.02465938831015549
Male,2020,60-64,157180,0.02016472520141633
Male,2020,65-69,128939,0.016541668804844256
Male,2020,70-74,87186,0.011185149073741468
Male,2020,75-79,54755,0.007024554831426079
Male,2020,80-84,33649,0.004316852260481347
Male,2020,85-89,15757,0.0020214758556986708
Male,2020,90-94,5328,6.835326114845795e-4
Male,2020,95-99,1078,1.3829732642274336e-4
Male,2020,100+,124,1.5908041258274748e-5
Male,2025,0-4,348334,0.042560543275131396
Male,2025,5-9,346579,0.04234611185744648
Male,2025,10-14,341355,0.04170782711329493
Male,2025,15-19,329794,0.040295267785742085
Male,2025,20-24,314640,0.03844370442186907
Male,2025,25-29,306656,0.037468194200332705
Male,2025,30-34,303752,0.037113374350214764
Male,2025,35-39,305370,0.03731106667717442
Male,2025,40-44,271778,0.033206690504598055
Male,2025,45-49,243978,0.029809999101953893
Male,2025,50-54,234233,0.028619324363868735
Male,2025,55-59,213389,0.02607253891074949
Male,2025,60-64,180050,0.02199907507360007
Male,2025,65-69,142050,0.017356115602359844
Male,2025,70-74,110065,0.013448087742159356
Male,2025,75-79,68239,0.008337655562051627
Male,2025,80-84,37551,0.004588099239593204
Male,2025,85-89,18861,0.0023044962786068924
Male,2025,90-94,6557,8.011548750768991e-4
Male,2025,95-99,1500,1.8327471597000893e-4
Male,2025,100+,188,2.297043106824112e-5
Male,2030,0-4,347874,0.04069422351513473
Male,2030,5-9,345614,0.04042984921540493
Male,2030,10-14,345205,0.04038200448594055
Male,2030,15-19,339869,0.039757800387109486
Male,2030,20-24,328016,0.038371239070871734
Male,2030,25-29,313048,0.03662028574416569
Male,2030,30-34,304341,0.03560174281153411
Male,2030,35-39,299954,0.035088552522633834
Male,2030,40-44,300479,0.035149966906420624
Male,2030,45-49,266131,0.031131945469642226
Male,2030,50-54,236995,0.027723622639143353
Male,2030,55-59,224787,0.026295533501487865
Male,2030,60-64,200722,0.02348041512848006
Male,2030,65-69,163681,0.019147367147820095
Male,2030,70-74,122230,0.014298438343351092
Male,2030,75-79,86805,0.010154429684975796
Male,2030,80-84,47776,0.005588825904376518
Male,2030,85-89,21656,0.0025333140862604207
Male,2030,90-94,8086,9.458984900952051e-4
Male,2030,95-99,1901,2.223785591975e-4
Male,2030,100+,268,3.13505806759232e-5
Male,2035,0-4,349152,0.03928563230884102
Male,2035,5-9,345281,0.03885007792946607
Male,2035,10-14,344258,0.038734972755066543
Male,2035,15-19,343892,0.03869379143167433
Male,2035,20-24,338260,0.03806009412745327
Male,2035,25-29,326452,0.03673149012030797
Male,2035,30-34,310771,0.03496710669923367
Male,2035,35-39,300701,0.03383405771956284
Male,2035,40-44,295251,0.03322083855976085
Male,2035,45-49,294605,0.03314815239880083
Male,2035,50-54,258801,0.029119583812094348
Male,2035,55-59,227588,0.02560758204422289
Male,2035,60-64,211900,0.02384241100220939
Male,2035,65-69,183526,0.020649845783820106
Male,2035,70-74,142067,0.015984991995520913
Male,2035,75-79,97684,0.010991137689192175
Male,2035,80-84,61425,0.006911373741437998
Male,2035,85-89,28352,0.0031900898382946703
Male,2035,90-94,9630,0.001083541377778558
Male,2035,95-99,2424,2.7274187951559963e-4
Male,2035,100+,352,3.960608151381645e-5
Male,2040,0-4,351164,0.03817477599643173
Male,2040,5-9,346737,0.037693520134964714
Male,2040,10-14,344012,0.03739728742150241
Male,2040,15-19,342996,0.037286838820813344
Male,2040,20-24,342289,0.03720998137919211
Male,2040,25-29,336610,0.03659262153341141
Male,2040,30-34,324162,0.03523940875646508
Male,2040,35-39,307272,0.033403309479262025
Male,2040,40-44,296206,0.03220033288947345
Male,2040,45-49,289649,0.03148752631986893
Male,2040,50-54,287044,0.031204338716724234
Male,2040,55-59,248896,0.027057298146757273
Male,2040,60-64,214780,0.023348573283461876
Male,2040,65-69,194441,0.0211375357938803
Male,2040,70-74,160499,0.017447726340545432
Male,2040,75-79,114862,0.012486562177507208
Male,2040,80-84,70307,0.007643021425832732
Male,2040,85-89,36899,0.00401126271341121
Male,2040,90-94,13031,0.0014165902712393692
Male,2040,95-99,2987,3.247145376557437e-4
Male,2040,100+,457,4.968012845954967e-5
Male,2045,0-4,352934,0.037222249525986725
Male,2045,5-9,348905,0.036797330296498496
Male,2045,10-14,345532,0.036441596228227506
Male,2045,15-19,342811,0.03615462546043463
Male,2045,20-24,341395,0.03600528675878277
Male,2045,25-29,340607,0.03592218019317425
Male,2045,30-34,334359,0.0352632337186539
Male,2045,35-39,320745,0.033827430693026496
Male,2045,40-44,302920,0.031947513774280456
Male,2045,45-49,290822,0.03067159596878315
Male,2045,50-54,282394,0.029782735391437196
Male,2045,55-59,276757,0.029188228144818886
Male,2045,60-64,235439,0.02483061763998025
Male,2045,65-69,197546,0.020834225393021284
Male,2045,70-74,171029,0.018037605088146745
Male,2045,75-79,131119,0.01382848956348171
Male,2045,80-84,83961,0.008854962379513937
Male,2045,85-89,43169,0.004552826561870834
Male,2045,90-94,17245,0.0018187471115722518
Male,2045,95-99,4182,4.4105540275993953e-4
Male,2045,100+,577,6.0853411619436894e-5
Male,2050,0-4,353201,0.03628144956923605
Male,2050,5-9,350824,0.03603727980293846
Male,2050,10-14,347763,0.03572284831171552
Male,2050,15-19,344387,0.03537605944717171
Male,2050,20-24,341229,0.035051663939402344
Male,2050,25-29,339691,0.03489367778014038
Male,2050,30-34,338400,0.03476106391043479
Male,2050,35-39,331034,0.03400441498382645
Male,2050,40-44,316458,0.03250714173454011
Male,2050,45-49,297649,0.030575047020913137
Male,2050,50-54,283795,0.02915193892571466
Male,2050,55-59,272523,0.027994058569927364
Male,2050,60-64,262722,0.026987282011457593
Male,2050,65-69,217311,0.022322581440426995
Male,2050,70-74,174487,0.017923622217907907
Male,2050,75-79,140990,0.014482749411147166
Male,2050,80-84,97171,0.009981581977662113
Male,2050,85-89,52586,0.005401729630006276
Male,2050,90-94,20761,0.002132607706396385
Male,2050,95-99,5678,5.832544943364324e-4
Male,2050,100+,815,8.371828335403178e-5
Male,2055,0-4,352059,0.035354029849667123
Male,2055,5-9,351237,0.03527148399077294
Male,2055,10-14,349743,0.03512145538592147
Male,2055,15-19,346672,0.03481306325372679
Male,2055,20-24,342877,0.03443196649642336
Male,2055,25-29,339610,0.03410389189665781
Male,2055,30-34,337584,0.03390043945125682
Male,2055,35-39,335183,0.0336593292235136
Male,2055,40-44,326817,0.03281920920464655
Male,2055,45-49,311196,0.03125053662339838
Male,2055,50-54,290690,0.029191308664172015
Male,2055,55-59,274176,0.027532960350572865
Male,2055,60-64,259028,0.02601178678545237
Male,2055,65-69,243627,0.024465206769844972
Male,2055,70-74,192920,0.019373171651904313
Male,2055,75-79,144820,0.014542933436806876
Male,2055,80-84,105762,0.010620699669545429
Male,2055,85-89,61925,0.006218555124114527
Male,2055,90-94,25919,0.002602805494742421
Male,2055,95-99,7064,7.093721985748086e-4
Male,2055,100+,1146,1.150821828378724e-4
Male,2060,0-4,349737,0.03445187807394086
Male,2060,5-9,350230,0.03450044249775205
Male,2060,10-14,350219,0.03449935891020251
Male,2060,15-19,348704,0.034350119352243184
Male,2060,20-24,345228,0.03400770568658865
Male,2060,25-29,341334,0.03362411569405162
Male,2060,30-34,337594,0.03325569592720813
Male,2060,35-39,334489,0.03294982871436081
Male,2060,40-44,331094,0.03261539419338925
Male,2060,45-49,321636,0.03168370591670325
Male,2060,50-54,304235,0.029969568921290563
Male,2060,55-59,281158,0.02769630075031542
Male,2060,60-64,261015,0.02571205493119022
Male,2060,65-69,240674,0.023708304536173303
Male,2060,70-74,217695,0.02144469014518497
Male,2060,75-79,161308,0.01589012185828566
Male,2060,80-84,109628,0.010799230534630276
Male,2060,85-89,68482,0.006746022051597681
Male,2060,90-94,31196,0.003073054290494455
Male,2060,95-99,9069,8.933686806159191e-4
Male,2060,100+,1493,1.4707238286024559e-4
Male,2065,0-4,347342,0.03366407624509795
Male,2065,5-9,348039,0.0337316288622385
Male,2065,10-14,349270,0.033850936282181145
Male,2065,15-19,349233,0.033847350275245415
Male,2065,20-24,347330,0.0336629132158215
Male,2065,25-29,343765,0.03331739660160907
Male,2065,30-34,339403,0.032894635459618994
Male,2065,35-39,334608,0.032429908344570296
Male,2065,40-44,330542,0.03203583525806602
Male,2065,45-49,326065,0.03160192841884328
Male,2065,50-54,314763,0.030506548678638827
Male,2065,55-59,294686,0.028560703780029294
Male,2065,60-64,268090,0.02598304322698755
Male,2065,65-69,243043,0.023555510369714407
Male,2065,70-74,215694,0.02090486972957534
Male,2065,75-79,183648,0.017799000046811928
Male,2065,80-84,123298,0.011949931977325193
Male,2065,85-89,71825,0.006961214815093367
Male,2065,90-94,35237,0.003415138551193108
Male,2065,95-99,11209,0.0010863662633119604
Male,2065,100+,1968,1.9073680133802642e-4
Male,2070,0-4,344612,0.03294808553048108
Male,2070,5-9,345766,0.03305841857373603
Male,2070,10-14,347137,0.033189498818365616
Male,2070,15-19,348336,0.03330413427665217
Male,2070,20-24,347927,0.03326503010447602
Male,2070,25-29,345943,0.03307534140619368
Male,2070,30-34,341919,0.03269060989314522
Male,2070,35-39,336521,0.03217451130779841
Male,2070,40-44,330796,0.03162714850655526
Male,2070,45-49,325691,0.031139063423525338
Male,2070,50-54,319385,0.030536151663763014
Male,2070,55-59,305326,0.029191981598666518
Male,2070,60-64,281564,0.026920115243532945
Male,2070,65-69,250177,0.023919228563599543
Male,2070,70-74,218467,0.020887460104661505
Male,2070,75-79,182796,0.017476983513719253
Male,2070,80-84,142037,0.013580047196536804
Male,2070,85-89,81795,0.007820356389115005
Male,2070,90-94,37577,0.003592707769836476
Male,2070,95-99,12997,0.0012426330703506048
Male,2070,100+,2516,2.40552804878212e-4
Male,2075,0-4,341814,0.032315848099801016
Male,2075,5-9,343152,0.032442345565550035
Male,2075,10-14,344918,0.032609307093586476
Male,2075,15-19,346253,0.03273552093273067
Male,2075,20-24,347098,0.03281540909308786
Male,2075,25-29,346623,0.03277050154732494
Male,2075,30-34,344186,0.03254010220201078
Male,2075,35-39,339143,0.032063325879311017
Male,2075,40-44,332836,0.031467048213781094
Male,2075,45-49,326114,0.030831535534584623
Male,2075,50-54,319244,0.030182030609550447
Male,2075,55-59,310201,0.029327085480426125
Male,2075,60-64,292329,0.027637427253321196
Male,2075,65-69,263494,0.02491130287000816
Male,2075,70-74,225578,0.02132664075390977
Male,2075,75-79,185924,0.01757766429141991
Male,2075,80-84,142246,0.01344825000966694
Male,2075,85-89,95683,0.00904608147628026
Male,2075,90-94,43510,0.004113531191883136
Male,2075,95-99,14178,0.001340419334371848
Male,2075,100+,3036,2.8703012407623997e-4
Male,2080,0-4,338635,0.03172548766103518
Male,2080,5-9,340465,0.03189693373843325
Male,2080,10-14,342358,0.032074282057840096
Male,2080,15-19,344081,0.032235703692461336
Male,2080,20-24,345084,0.032329671132696455
Male,2080,25-29,345875,0.032403777060140096
Male,2080,30-34,344959,0.03231796033505997
Male,2080,35-39,341517,0.03199549181134186
Male,2080,40-44,335588,0.03144002525784834
Male,2080,45-49,328315,0.03075864420816739
Male,2080,50-54,319885,0.029968868015563182
Male,2080,55-59,310374,0.029077816844998692
Male,2080,60-64,297526,0.027874134220730734
Male,2080,65-69,274327,0.025700703865781143
Male,2080,70-74,238543,0.022348230404790746
Male,2080,75-79,192806,0.01806329639279327
Male,2080,80-84,145451,0.013626777816189194
Male,2080,85-89,96610,0.009051041277282646
Male,2080,90-94,51875,0.00485998101913919
Male,2080,95-99,16768,0.0015709332381479701
Male,2080,100+,3451,3.2331170114793925e-4
Male,2085,0-4,334457,0.031110357462571615
Male,2085,5-9,337390,0.031383177820458345
Male,2085,10-14,339721,0.03160000163710818
Male,2085,15-19,341568,0.031771804978743635
Male,2085,20-24,342979,0.03190305268586201
Male,2085,25-29,343944,0.03199281458335969
Male,2085,30-34,344304,0.032026300887089396
Male,2085,35-39,342404,0.03184956761740484
Male,2085,40-44,338096,0.03144884818277271
Male,2085,45-49,331229,0.030810096939128596
Male,2085,50-54,322290,0.029978613414017963
Male,2085,55-59,311310,0.028957281150261974
Male,2085,60-64,298116,0.027730008118568305
Male,2085,65-69,279881,0.02603383381714841
Male,2085,70-74,249339,0.023192893015724424
Male,2085,75-79,205052,0.01907342653439825
Male,2085,80-84,151704,0.01411112839169748
Male,2085,85-89,99496,0.009254870210807445
Male,2085,90-94,53060,0.004935509099717003
Male,2085,95-99,20461,0.0019032312794818999
Male,2085,100+,4148,3.8583663297448416e-4
Male,2090,0-4,329657,0.030495869985726034
Male,2090,5-9,333314,0.030834171300540524
Male,2090,10-14,336694,0.031146847932772673
Male,2090,15-19,338976,0.03135795091346905
Male,2090,20-24,340530,0.03150170815799236
Male,2090,25-29,341921,0.031630386618180205
Male,2090,30-34,342470,0.03168117344394809
Male,2090,35-39,341865,0.03162520617693612
Male,2090,40-44,339125,0.03137173458749349
Male,2090,45-49,333908,0.030889120980879547
Male,2090,50-54,325418,0.030103729085124827
Male,2090,55-59,313998,0.029047289102849334
Male,2090,60-64,299455,0.02770194701333686
Male,2090,65-69,280994,0.025994159052497297
Male,2090,70-74,255275,0.023614948903272835
Male,2090,75-79,215562,0.019941183490303785
Male,2090,80-84,162634,0.015044926451610516
Male,2090,85-89,104632,0.009679284433051586
Male,2090,90-94,55268,0.005112725476392452
Male,2090,95-99,21338,0.001973933129754327
Male,2090,100+,5176,4.788207835602397e-4
Male,2095,0-4,324409,0.029894325018413895
Male,2095,5-9,328606,0.030281079029869446
Male,2095,10-14,332665,0.030655116326152046
Male,2095,15-19,335994,0.030961884042171945
Male,2095,20-24,338003,0.031147013613059292
Male,2095,25-29,339552,0.031289754133370144
Male,2095,30-34,340540,0.03138079844199966
Male,2095,35-39,340149,0.03134476774900964
Male,2095,40-44,338732,0.031214191043212044
Male,2095,45-49,335119,0.030881252695966654
Male,2095,50-54,328320,0.030254724098424057
Male,2095,55-59,317416,0.029249919299541214
Male,2095,60-64,302519,0.027877159111632393
Male,2095,65-69,282826,0.026062446996408632
Male,2095,70-74,257022,0.023684605559287124
Male,2095,75-79,221789,0.0204378807354574
Male,2095,80-84,172316,0.015878938345955287
Male,2095,85-89,113425,0.0104521262209544
Male,2095,90-94,58825,0.00542073021774426
Male,2095,95-99,22609,0.0020834218358347636
Male,2095,100+,5700,5.252556267087511e-4
Male,2100,0-4,319081,0.02933970784333594
Male,2100,5-9,323446,0.029741072464658305
Male,2100,10-14,328001,0.030159907710963774
Male,2100,15-19,332008,0.030528353996791657
Male,2100,20-24,335086,0.030811378121517942
Male,2100,25-29,337106,0.03099711845028568
Male,2100,30-34,338267,0.03110387316399823
Male,2100,35-39,338335,0.031110125808729024
Male,2100,40-44,337166,0.03100263548975403
Male,2100,45-49,334918,0.030795930411006568
Male,2100,50-54,329776,0.030323120128569088
Male,2100,55-59,320630,0.02948213941227714
Male,2100,60-64,306334,0.02816761280828527
Male,2100,65-69,286359,0.026330898418614197
Male,2100,70-74,259467,0.02385816132890033
Male,2100,75-79,224259,0.02062076256887334
Male,2100,80-84,178542,0.016417054345965087
Male,2100,85-89,121538,0.011175499048402643
Male,2100,90-94,64788,0.005957299217922875
Male,2100,95-99,24484,0.0022513199057174736
Male,2100,100+,6215,5.714733382631146e-4
